"Ticker","Sector","Company","EPS Next Year Estimate Trends","EPS Next Quarter Estimate Trends","EPS Current Year Estimate Trends","EPS Current Quarter Estimate Trends","EPS Revisions","Value Industry Decile","Sentiment Industry Decile","Quality Industry Decile","Profitability Industry Decile","Price / Sales Industry Decile","Price / Free Cash Flow Industry Decile","Growth Industry Decile","Financial Safety Industry Decile","Industry","YTD Return vs S&P 500","1-Day Return vs S&P 500","5-Day Return vs S&P 500","1-Month Return vs S&P 500","3-Month Return vs S&P 500","6-Month Return vs S&P 500","1-Year Return vs S&P 500","2-Year Return vs S&P 500","3-Year Return vs S&P 500","5-Year Return vs S&P 500","10-Year Return vs S&P 500"
"Advertising Agencies (1 Stock)"
"APP","Communication Services","AppLovin","19.08;19.10;19.15;20.21;0.00","3.44;3.45;3.45;3.67;0.00","14.49;14.55;14.64;15.72;0.00","3.14;3.14;3.15;3.44;0.00","","6","1","1","1","9","5","1","7","Advertising Agencies","-23.9%","0.1%","17.5%","26.2%","-25.8%","-2.2%","74.6%","666.6%","3516.3%","- ","- "
"Summary"," "," "," "," "," "," "," ","6","1","1","1","9","5","1","7"," ","-23.9%","0.1%","17.5%","26.2%","-25.8%","-2.2%","74.6%","666.6%","3516.3%","0.0%","0.0%"
"Aerospace & Defense (13 Stocks)"
"AVAV","Industrials","AeroVironment","4.57;4.61;4.61;4.59;0.00","1.42;1.92;1.91;1.88;0.00","3.62;3.47;3.45;3.42;0.00","1.10;1.09;0.74;0.75;0.00","","8","10","7","7","7","7","2","2","Aerospace & Defense","-3.5%","5.5%","-6.9%","-7.9%","-15.8%","-2.9%","51.3%","-9.2%","89.2%","30.0%","476.2%"
"BA","Industrials","Boeing","5.94;5.81;5.11;4.78;0.00","0.39;0.46;0.12;-0.07;0.00","2.44;2.34;0.99;0.51;0.00","-0.01;0.06;-0.24;-0.35;0.00","","6","3","6","4","3","7","8","9","Aerospace & Defense","8.0%","5.4%","3.6%","-2.1%","16.1%","-3.9%","27.0%","-20.3%","-64.2%","-84.4%","-187.0%"
"RTX","Industrials","RTX","7.53;7.54;7.52;7.51;0.00","1.66;1.67;1.65;1.65;0.00","6.78;6.77;6.79;6.81;0.00","1.51;1.52;1.50;1.51;0.00","","4","1","4","4","5","4","2","6","Aerospace & Defense","16.3%","4.2%","5.5%","8.7%","24.6%","29.6%","47.4%","106.2%","51.8%","124.1%","60.0%"
"LMT","Industrials","Lockheed Martin","31.20;31.25;31.76;31.88;0.00","7.11;7.12;7.10;7.13;0.00","29.38;29.38;29.74;29.88;0.00","7.12;7.09;7.06;6.90;0.00","","2","1","3","1","3","2","4","8","Aerospace & Defense","41.2%","3.9%","4.6%","11.1%","51.0%","42.1%","30.7%","28.1%","-21.6%","37.9%","2.3%"
"NOC","Industrials","Northrop Grumman","31.37;31.38;30.58;30.04;0.00","7.06;7.05;7.00;6.84;0.00","28.92;28.84;27.94;27.74;0.00","6.43;6.37;6.33;6.05;0.00","","3","1","3","1","4","3","5","6","Aerospace & Defense","34.6%","3.5%","6.4%","9.8%","39.8%","26.6%","42.8%","34.2%","-4.2%","84.4%","66.6%"
"LHX","Industrials","L3Harris Technologies","14.25;14.24;13.98;13.57;0.00","2.99;2.99;2.84;2.85;0.00","12.42;12.42;11.97;11.68;0.00","2.69;2.68;2.56;2.57;0.00","","3","1","4","4","5","2","3","4","Aerospace & Defense","26.9%","3.5%","2.9%","8.0%","33.7%","31.0%","56.5%","42.2%","10.1%","29.7%","151.9%"
"HII","Industrials","Huntington Ingalls Indus","19.88;20.24;20.40;20.31;0.00","4.28;4.36;4.39;4.26;0.00","17.35;17.49;17.65;17.35;0.00","3.84;3.89;3.94;3.78;0.00","","1","7","4","4","2","2","4","5","Aerospace & Defense","28.1%","3.2%","-1.4%","11.0%","42.9%","54.9%","106.6%","17.0%","37.9%","70.0%","-10.2%"
"GD","Industrials","General Dynamics","18.99;19.04;18.40;18.10;0.00","4.19;4.19;4.19;3.88;0.00","17.30;17.30;16.28;16.28;0.00","3.83;3.83;3.84;3.69;0.00","","2","2","2","2","3","2","2","3","Aerospace & Defense","10.0%","2.1%","3.8%","3.7%","9.8%","9.0%","21.2%","2.8%","-6.9%","49.7%","-63.4%"
"AXON","Industrials","Axon Enterprise","9.66;9.66;9.66;9.77;0.00","1.79;1.79;1.78;1.78;0.00","7.54;7.54;7.54;7.57;0.00","1.59;1.59;1.59;1.59;0.00","","7","4","5","6","8","6","2","4","Aerospace & Defense","2.6%","1.9%","7.9%","41.4%","5.8%","-25.8%","-3.9%","46.9%","86.1%","213.3%","2553.3%"
"BWXT","Industrials","BWX Technologies","5.04;5.04;5.00;4.92;0.00","1.03;1.04;1.05;1.05;0.00","4.23;4.25;4.31;4.30;0.00","0.94;0.95;0.97;0.97;0.00","","4","9","3","1","7","5","1","7","Aerospace & Defense","14.5%","1.2%","-3.2%","1.8%","11.4%","14.9%","77.4%","52.7%","152.3%","159.4%","278.7%"
"HWM","Industrials","Howmet Aerospace","5.22;5.22;5.24;5.49;0.00","1.07;1.08;1.09;1.13;0.00","4.43;4.45;4.45;4.59;0.00","1.01;1.01;1.02;1.11;0.00","","5","7","1","1","8","5","1","5","Aerospace & Defense","23.6%","0.4%","-2.7%","14.9%","32.7%","35.9%","82.6%","230.3%","403.6%","647.4%","- "
"GE","Industrials","GE Aerospace","8.36;8.39;8.46;8.53;0.00","1.77;1.81;1.81;1.81;0.00","7.16;7.24;7.40;7.43;0.00","1.60;1.61;1.60;1.59;0.00","","6","7","1","1","7","5","2","8","Aerospace & Defense","6.4%","0.1%","-3.6%","3.4%","15.5%","11.4%","46.9%","121.8%","299.1%","302.2%","-131.7%"
"WWD","Industrials","Woodward","9.05;9.29;9.35;9.57;0.00","2.04;2.06;2.07;2.12;0.00","7.82;7.96;7.97;8.46;0.00","1.92;1.94;1.95;2.10;0.00","","3","3","1","2","7","5","1","2","Aerospace & Defense","25.3%","-2.0%","-1.3%","-0.9%","24.9%","49.6%","92.9%","119.2%","208.5%","146.6%","400.0%"
"Summary"," "," "," "," "," "," "," ","4","4","3","3","5","4","3","5"," ","18.0%","2.5%","1.2%","7.9%","22.5%","20.9%","52.3%","59.4%","95.5%","139.2%","299.7%"
"Apparel Retail (3 Stocks)"
"TJX","Consumer Cyclical","TJX Companies","5.70;5.68;5.73;5.74;0.00","1.19;1.20;1.21;1.21;0.00","5.14;5.14;5.16;5.16;0.00","1.01;1.02;1.02;1.02;0.00","","6","1","2","2","8","7","1","8","Apparel Retail","5.6%","0.3%","0.6%","5.3%","5.9%","10.5%","14.8%","34.2%","38.8%","85.3%","88.2%"
"ROST","Consumer Cyclical","Ross Stores","7.74;7.73;7.87;7.93;0.00","1.76;1.76;1.76;1.76;0.00","7.11;7.10;7.15;7.19;0.00","1.60;1.60;1.61;1.62;0.00","","6","1","3","2","8","7","2","6","Apparel Retail","19.1%","-0.1%","5.0%","13.8%","20.9%","36.4%","36.4%","10.7%","21.4%","9.9%","8.9%"
"BURL","Consumer Cyclical","Burlington Stores","13.27;13.21;13.28;13.12;0.00","1.86;1.86;1.88;1.87;0.00","11.09;11.11;11.14;11.17;0.00","1.79;1.80;1.79;1.79;0.00","","8","2","6","3","7","8","4","10","Apparel Retail","7.4%","-3.6%","1.6%","0.9%","14.1%","0.4%","-0.2%","13.2%","-33.5%","-78.6%","167.0%"
"Summary"," "," "," "," "," "," "," ","7","1","4","2","8","7","2","8"," ","10.7%","-1.1%","2.4%","6.6%","13.6%","15.7%","17.0%","19.4%","8.9%","5.6%","88.0%"
"Asset Management (2 Stocks)"
"AMP","Financial Services","Ameriprise Finl","44.36;44.38;45.68;46.60;0.00","10.31;10.28;10.52;10.55;0.00","41.54;41.56;42.29;43.15;0.00","10.14;10.15;10.31;10.34;0.00","","1","5","3","3","2","2","1","8","Asset Management","-3.4%","-0.4%","0.9%","-11.4%","-0.7%","-9.0%","-25.2%","-20.5%","-32.2%","37.4%","234.1%"
"NTRS","Financial Services","Northern Trust","10.17;10.17;10.71;11.00;0.00","2.37;2.37;2.49;2.52;0.00","9.33;9.34;9.82;10.04;0.00","2.07;2.08;2.23;2.25;0.00","","1","3","6","4","3","2","5","8","Asset Management","3.6%","-1.6%","-0.6%","-5.6%","6.2%","5.6%","19.1%","46.9%","-11.9%","-25.6%","-121.1%"
"Summary"," "," "," "," "," "," "," ","1","4","5","4","3","2","3","8"," ","0.1%","-1.0%","0.2%","-8.5%","2.8%","-1.7%","-3.1%","13.2%","-22.0%","5.9%","56.5%"
"Auto Manufacturers (2 Stocks)"
"TSLA","Consumer Cyclical","Tesla","3.28;3.13;2.90;2.80;0.00","0.51;0.50;0.46;0.46;0.00","2.25;2.21;2.10;2.06;0.00","0.45;0.44;0.41;0.41;0.00","","7","6","4","4","9","4","3","1","Auto Manufacturers","-10.2%","-0.8%","0.6%","-0.7%","-11.2%","8.5%","31.8%","89.4%","31.5%","11.1%","2562.2%"
"RACE","Consumer Cyclical","Ferrari","11.00;10.78;10.59;10.60;0.00","2.46;2.46;2.47;2.47;0.00","9.94;9.67;9.56;9.72;0.00","2.42;2.42;2.42;2.42;0.00","","6","8","1","1","8","3","1","5","Auto Manufacturers","-3.7%","-0.9%","-5.8%","7.7%","-9.4%","-33.0%","-39.8%","-50.0%","-40.8%","3.9%","559.0%"
"Summary"," "," "," "," "," "," "," ","7","7","3","3","9","4","2","3"," ","-7.0%","-0.9%","-2.6%","3.5%","-10.3%","-12.2%","-4.0%","19.7%","-4.6%","7.5%","1560.6%"
"Banks - Diversified (2 Stocks)"
"BK","Financial Services","Bank of New York Mellon","9.15;9.16;9.35;9.35;0.00","2.09;2.10;2.12;2.11;0.00","8.15;8.18;8.31;8.32;0.00","1.81;1.81;1.89;1.90;0.00","","6","2","3","2","7","5","5","1","Banks - Diversified","1.2%","0.1%","-1.2%","-4.5%","3.1%","7.6%","20.1%","81.3%","71.7%","106.7%","-7.1%"
"BMO","Financial Services","Bank of Montreal","15.45;15.46;15.57;16.03;0.00","3.58;3.58;3.58;3.65;0.00","13.62;13.63;13.67;14.13;0.00","3.27;3.28;3.28;3.42;0.00","","6","6","6","4","7","6","5","4","Banks - Diversified","12.0%","0.0%","0.8%","3.1%","12.9%","10.2%","32.1%","32.8%","-3.0%","17.6%","-23.6%"
"Summary"," "," "," "," "," "," "," ","6","4","5","3","7","6","5","3"," ","6.6%","0.0%","-0.2%","-0.7%","8.0%","8.9%","26.1%","57.1%","34.3%","62.1%","-15.4%"
"Beverages - Non-Alcoholic (1 Stock)"
"PEP","Consumer Defensive","PepsiCo","8.97;8.97;9.01;9.13;0.00","2.28;2.27;2.28;2.27;0.00","8.55;8.56;8.56;8.62;0.00","1.60;1.57;1.57;1.54;0.00","","3","2","3","2","6","5","4","8","Beverages - Non-Alcoholic","13.6%","1.4%","-3.2%","-2.9%","12.5%","6.4%","-10.6%","-30.2%","-71.5%","-48.0%","-182.0%"
"Summary"," "," "," "," "," "," "," ","3","2","3","2","6","5","4","8"," ","13.6%","1.4%","-3.2%","-2.9%","12.5%","6.4%","-10.6%","-30.2%","-71.5%","-48.0%","-182.0%"
"Biotechnology (6 Stocks)"
"ASND","Healthcare","Ascendis Pharma","8.32;8.58;9.94;11.01;0.00","0.66;0.68;0.83;1.00;0.00","3.18;3.34;4.04;4.65;0.00","0.39;0.40;0.45;0.50;0.00","","1","1","3","1","4","1","2","10","Biotechnology","14.4%","2.7%","5.1%","11.1%","18.8%","12.3%","40.0%","29.5%","38.7%","-24.2%","954.2%"
"ALNY","Healthcare","Alnylam Pharmaceuticals","17.78;17.78;17.85;15.92;0.00","2.69;2.69;2.79;2.63;0.00","11.18;11.18;10.59;9.56;0.00","2.20;2.20;2.34;2.34;0.00","","1","5","1","1","3","1","1","8","Biotechnology","-17.8%","1.4%","-1.7%","0.5%","-28.4%","-33.6%","10.4%","79.0%","-12.6%","35.6%","143.9%"
"PRAX","Healthcare","Praxis Precision Medicine","-7.85;-6.55;-5.68;-4.83;0.00","-3.49;-3.49;-3.47;-3.71;0.00","-12.70;-12.63;-12.54;-12.81;0.00","-3.39;-3.39;-3.37;-3.55;0.00","","2","8","8","5","9","2","6","1","Biotechnology","6.8%","1.2%","-5.8%","-0.1%","26.7%","557.7%","700.4%","398.2%","1690.2%","-131.2%","- "
"REGN","Healthcare","Regeneron Pharmaceuticals","45.10;47.24;46.43;46.91;0.00","11.45;11.67;10.64;10.67;0.00","43.28;44.32;44.29;44.69;0.00","10.41;10.48;9.29;9.16;0.00","","1","3","1","1","2","1","1","4","Biotechnology","0.1%","0.7%","-0.8%","-0.4%","7.5%","28.3%","-9.4%","-56.6%","-75.2%","-22.2%","-208.5%"
"JAZZ","Healthcare","Jazz Pharmaceuticals","25.21;25.22;24.80;24.88;0.00","5.51;5.43;5.54;5.74;0.00","22.71;22.62;21.53;22.44;0.00","4.44;4.34;4.15;4.32;0.00","","1","2","2","2","1","1","1","7","Biotechnology","8.6%","0.5%","-2.2%","12.8%","8.9%","36.0%","14.6%","20.0%","-45.7%","-77.5%","-250.8%"
"VRTX","Healthcare","Vertex Pharmaceuticals","22.48;22.51;22.57;21.90;0.00","4.96;4.97;4.95;4.74;0.00","20.20;20.24;20.16;19.16;0.00","4.83;4.84;4.81;4.40;0.00","","1","9","1","1","3","1","1","4","Biotechnology","2.3%","0.4%","-6.1%","-1.7%","1.9%","10.7%","-24.8%","-24.4%","-16.6%","27.5%","118.9%"
"Summary"," "," "," "," "," "," "," ","1","5","3","2","4","1","2","6"," ","2.4%","1.1%","-1.9%","3.7%","5.9%","101.9%","121.9%","74.3%","263.1%","-32.0%","151.5%"
"Building Products & Equipment (1 Stock)"
"JCI","Industrials","Johnson Controls Intl","5.34;5.34;5.37;5.52;0.00","1.25;1.25;1.27;1.27;0.00","4.59;4.60;4.62;4.75;0.00","1.04;1.04;1.06;1.11;0.00","","6","1","2","2","8","7","3","8","Building Products & Equipment","12.1%","-2.2%","-6.2%","-1.0%","17.9%","20.9%","47.0%","91.5%","41.5%","59.9%","97.5%"
"Summary"," "," "," "," "," "," "," ","6","1","2","2","8","7","3","8"," ","12.1%","-2.2%","-6.2%","-1.0%","17.9%","20.9%","47.0%","91.5%","41.5%","59.9%","97.5%"
"Capital Markets (3 Stocks)"
"MKTX","Financial Services","MarketAxess Holdings","9.15;9.26;9.11;9.10;0.00","2.01;2.00;2.01;2.02;0.00","8.14;8.21;8.20;8.23;0.00","2.07;2.06;2.08;2.13;0.00","","2","4","1","1","7","3","2","4","Capital Markets","4.7%","2.2%","-1.0%","17.9%","13.4%","-4.4%","-27.1%","-43.0%","-120.4%","-148.9%","-236.4%"
"TW","Financial Services","Tradeweb Markets","4.25;4.23;4.28;4.47;0.00","0.95;0.94;0.94;0.97;0.00","3.82;3.82;3.83;3.98;0.00","0.96;0.95;0.94;1.00;0.00","","3","2","1","2","7","3","1","2","Capital Markets","17.5%","1.4%","3.2%","14.0%","17.4%","0.3%","-24.7%","-14.7%","0.8%","-11.2%","- "
"LPLA","Financial Services","LPL Finl Hldgs","29.01;28.72;28.92;29.15;0.00","5.75;5.70;5.75;5.76;0.00","23.69;23.51;23.99;23.94;0.00","5.83;5.76;5.82;5.85;0.00","","3","1","3","2","3","5","1","5","Capital Markets","-10.6%","0.3%","6.5%","-15.7%","-13.8%","-10.2%","-25.3%","-16.6%","-47.6%","52.3%","1247.5%"
"Summary"," "," "," "," "," "," "," ","3","2","2","2","6","4","1","4"," ","3.9%","1.3%","2.9%","5.4%","5.7%","-4.8%","-25.7%","-24.8%","-55.7%","-35.9%","505.6%"
"Communication Equipment (3 Stocks)"
"MSI","Technology","Motorola Solutions","17.89;17.92;17.92;17.92;0.00","3.81;3.81;3.81;3.81;0.00","16.32;16.33;16.33;16.33;0.00","3.26;3.25;3.25;3.25;0.00","","4","9","2","1","9","4","1","9","Communication Equipment","21.7%","0.0%","-2.4%","11.9%","25.1%","-7.8%","-8.8%","4.1%","4.6%","85.8%","361.1%"
"CIEN","Technology","Ciena","5.79;6.89;6.87;6.90;0.00","1.19;1.38;1.38;1.38;0.00","4.38;5.34;5.34;5.34;0.00","1.00;1.21;1.21;1.21;0.00","","5","9","4","4","9","5","1","5","Communication Equipment","27.3%","-0.4%","-13.6%","11.2%","47.5%","147.5%","311.1%","339.5%","404.8%","405.7%","1304.4%"
"LITE","Technology","Lumentum Holdings","7.99;8.18;9.20;14.20;0.00","1.68;1.71;1.81;2.62;0.00","5.64;5.69;5.92;7.59;0.00","1.50;1.52;1.60;2.23;0.00","","7","9","4","2","10","6","3","9","Communication Equipment","53.1%","-12.9%","-18.3%","3.9%","70.1%","269.1%","795.3%","974.3%","877.9%","460.5%","1836.7%"
"Summary"," "," "," "," "," "," "," ","5","9","3","2","9","5","2","8"," ","34.0%","-4.4%","-11.5%","9.0%","47.6%","136.2%","365.8%","439.3%","429.1%","317.3%","1167.4%"
"Computer Hardware (5 Stocks)"
"DELL","Technology","Dell Technologies","12.91;12.91;12.96;12.97;0.00","2.68;2.68;2.68;2.66;0.00","11.45;11.45;11.50;11.48;0.00","2.36;2.36;2.38;2.38;0.00","","2","2","4","6","4","2","1","9","Computer Hardware","18.4%","1.3%","0.9%","23.8%","7.5%","13.7%","41.6%","-7.5%","224.5%","183.7%","- "
"STX","Technology","Seagate Technology Hldgs","14.67;15.15;15.50;19.75;0.00","3.11;3.21;3.23;3.86;0.00","11.36;11.52;11.62;13.01;0.00","2.84;2.91;2.94;3.47;0.00","","5","4","2","1","7","5","1","8","Computer Hardware","29.7%","-2.6%","-11.5%","-15.0%","28.5%","84.0%","296.3%","257.9%","436.1%","377.9%","1197.5%"
"ANET","Technology","Arista Networks","4.07;4.07;4.07;4.24;0.00","0.82;0.82;0.82;0.85;0.00","3.34;3.35;3.35;3.53;0.00","0.76;0.76;0.76;0.81;0.00","","4","2","1","1","8","4","1","2","Computer Hardware","3.0%","-3.3%","1.6%","-0.6%","5.0%","-11.6%","38.7%","51.5%","199.6%","590.7%","2911.4%"
"WDC","Technology","Western Digital","9.39;9.44;9.91;12.79;0.00","2.06;2.08;2.15;2.59;0.00","7.64;7.72;7.80;8.74;0.00","1.89;1.91;1.95;2.32;0.00","","5","4","1","1","7","4","3","6","Computer Hardware","44.0%","-4.0%","-10.3%","-10.4%","46.9%","162.2%","475.4%","368.7%","689.8%","291.0%","413.4%"
"SNDK","Technology","SanDisk","20.95;21.47;74.19;81.01;0.00","4.47;4.65;4.91;18.08;0.00","12.80;13.02;39.56;39.84;0.00","3.54;3.67;3.84;13.94;0.00","","7","4","6","6","7","5","- ","2","Computer Hardware","123.7%","-5.4%","-15.0%","-9.0%","132.4%","664.7%","1015.2%","- ","- ","- ","- "
"Summary"," "," "," "," "," "," "," ","5","3","3","3","7","4","2","5"," ","43.7%","-2.8%","-6.8%","-2.3%","44.1%","182.6%","373.4%","167.6%","387.5%","360.8%","1507.4%"
"Confectioners (1 Stock)"
"HSY","Consumer Defensive","Hershey","7.96;8.11;8.40;9.73;0.00","1.16;1.22;1.24;1.62;0.00","6.79;6.92;7.05;8.36;0.00","1.81;1.82;1.81;2.04;0.00","","4","10","5","2","8","4","3","6","Confectioners","26.0%","0.6%","-2.8%","0.6%","25.8%","18.5%","10.0%","-11.3%","-71.3%","-19.3%","-91.4%"
"Summary"," "," "," "," "," "," "," ","4","10","5","2","8","4","3","6"," ","26.0%","0.6%","-2.8%","0.6%","25.8%","18.5%","10.0%","-11.3%","-71.3%","-19.3%","-91.4%"
"Conglomerates (1 Stock)"
"HON","Industrials","Honeywell Intl","11.57;11.55;11.44;11.49;0.00","2.60;2.59;2.56;2.56;0.00","10.54;10.52;10.53;10.54;0.00","2.39;2.38;2.33;2.32;0.00","","5","2","2","1","9","5","4","8","Conglomerates","22.8%","0.0%","-1.4%","2.0%","25.2%","13.3%","2.0%","-5.1%","-37.6%","-53.3%","-95.2%"
"Summary"," "," "," "," "," "," "," ","5","2","2","1","9","5","4","8"," ","22.8%","0.0%","-1.4%","2.0%","25.2%","13.3%","2.0%","-5.1%","-37.6%","-53.3%","-95.2%"
"Consumer Electronics (1 Stock)"
"AAPL","Technology","Apple","9.11;9.13;9.29;9.33;0.00","1.71;1.71;1.73;1.73;0.00","8.26;8.26;8.48;8.51;0.00","1.84;1.84;1.95;1.95;0.00","","4","8","3","1","8","4","1","6","Consumer Electronics","-3.7%","0.2%","-0.5%","-4.6%","-5.9%","3.0%","-9.0%","18.3%","-3.4%","29.7%","705.6%"
"Summary"," "," "," "," "," "," "," ","4","8","3","1","8","4","1","6"," ","-3.7%","0.2%","-0.5%","-4.6%","-5.9%","3.0%","-9.0%","18.3%","-3.4%","29.7%","705.6%"
"Consulting Services (2 Stocks)"
"VRSK","Industrials","Verisk Analytics","8.56;8.52;8.60;8.57;0.00","1.96;1.96;1.98;1.95;0.00","7.65;7.63;7.72;7.60;0.00","1.82;1.82;1.84;1.74;0.00","","3","4","1","1","7","5","3","8","Consulting Services","-2.4%","3.0%","5.5%","22.7%","-1.1%","-24.8%","-45.6%","-42.9%","-56.6%","-56.0%","-104.9%"
"EFX","Industrials","Equifax","10.74;10.71;10.61;10.42;0.00","2.28;2.28;2.25;2.26;0.00","8.83;8.81;8.72;8.68;0.00","1.81;1.80;1.79;1.68;0.00","","3","5","4","4","5","4","2","5","Consulting Services","-2.7%","1.8%","1.5%","9.0%","-0.1%","-21.1%","-33.7%","-55.8%","-70.0%","-61.4%","-186.4%"
"Summary"," "," "," "," "," "," "," ","3","5","3","3","6","5","3","7"," ","-2.5%","2.4%","3.5%","15.9%","-0.6%","-23.0%","-39.7%","-49.3%","-63.3%","-58.7%","-145.6%"
"Copper (1 Stock)"
"SCCO","Basic Materials","Southern Copper","5.56;5.40;5.59;5.70;0.00","1.29;1.31;1.53;1.71;0.00","5.43;5.67;6.04;7.04;0.00","1.26;1.29;1.50;1.83;0.00","","2","9","1","1","3","2","3","8","Copper","32.2%","-2.3%","-13.2%","-3.5%","35.1%","80.2%","98.4%","119.2%","110.0%","143.1%","646.1%"
"Summary"," "," "," "," "," "," "," ","2","9","1","1","3","2","3","8"," ","32.2%","-2.3%","-13.2%","-3.5%","35.1%","80.2%","98.4%","119.2%","110.0%","143.1%","646.1%"
"Credit Services (2 Stocks)"
"MA","Financial Services","Mastercard","22.19;22.20;22.57;22.62;0.00","4.78;4.78;4.84;4.84;0.00","19.11;19.11;19.50;19.55;0.00","4.28;4.29;4.40;4.41;0.00","","5","1","1","1","9","5","1","6","Credit Services","-6.8%","0.9%","3.0%","-2.0%","-2.5%","-14.9%","-23.3%","-23.3%","-28.4%","-39.0%","217.8%"
"V","Financial Services","Visa","14.43;14.43;14.51;14.53;0.00","3.18;3.17;3.17;3.17;0.00","12.81;12.80;12.84;12.85;0.00","3.07;3.07;3.09;3.09;0.00","","5","4","1","1","9","6","1","3","Credit Services","-7.8%","0.6%","1.2%","-1.3%","-2.4%","-11.7%","-25.9%","-20.4%","-30.0%","-35.1%","62.7%"
"Summary"," "," "," "," "," "," "," ","5","3","1","1","9","6","1","5"," ","-7.3%","0.7%","2.1%","-1.7%","-2.4%","-13.3%","-24.6%","-21.9%","-29.2%","-37.1%","140.2%"
"Diagnostics & Research (6 Stocks)"
"WGS","Healthcare","GeneDx Holdings","1.93;1.90;2.07;2.00;0.00","0.06;0.06;0.10;0.12;0.00","0.50;0.42;0.63;0.84;0.00","0.00;-0.01;-0.02;0.00;0.00","","4","1","5","6","7","5","5","3","Diagnostics & Research","-30.7%","8.8%","12.6%","7.3%","-43.0%","-38.1%","-28.2%","959.2%","433.5%","- ","- "
"IQV","Healthcare","IQVIA Hldgs","14.33;14.33;14.32;14.08;0.00","3.04;3.04;3.03;3.02;0.00","12.93;12.94;12.96;12.69;0.00","2.95;2.96;2.96;2.83;0.00","","1","5","4","2","4","1","2","7","Diagnostics & Research","-21.0%","-0.9%","-0.4%","-4.2%","-21.1%","-11.6%","-24.8%","-66.3%","-93.7%","-95.6%","-131.3%"
"LH","Healthcare","Labcorp Hldgs","19.21;19.19;19.20;19.28;0.00","4.65;4.64;4.63;4.72;0.00","17.55;17.52;17.52;17.73;0.00","4.11;4.10;4.11;4.13;0.00","","1","9","4","2","4","2","3","5","Diagnostics & Research","9.3%","-0.9%","-4.7%","0.3%","6.2%","-7.3%","-11.6%","-8.6%","-35.7%","-49.0%","-103.3%"
"DGX","Healthcare","Quest Diagnostics","11.24;11.24;11.25;11.48;0.00","2.74;2.75;2.75;2.84;0.00","10.36;10.36;10.39;10.64;0.00","2.35;2.35;2.36;2.36;0.00","","1","8","3","2","4","2","2","6","Diagnostics & Research","16.9%","-1.0%","-4.0%","7.2%","11.3%","5.0%","-0.6%","27.9%","-22.4%","-1.7%","-47.0%"
"ILMN","Healthcare","Illumina","5.72;5.73;5.80;5.82;0.00","1.23;1.25;1.23;1.24;0.00","4.99;5.01;5.06;5.13;0.00","1.11;1.12;1.13;1.06;0.00","","2","3","1","1","6","2","7","6","Diagnostics & Research","-3.4%","-1.5%","-5.3%","6.9%","-1.8%","21.4%","28.4%","-40.4%","-113.8%","-155.8%","-315.8%"
"CRL","Healthcare","Charles River","11.88;11.90;12.04;12.07;0.00","2.85;2.85;2.86;2.94;0.00","10.88;10.88;10.89;11.04;0.00","2.54;2.58;2.56;1.93;0.00","","1","5","5","5","4","2","5","6","Diagnostics & Research","-11.0%","-2.5%","-0.2%","-5.0%","-3.7%","1.8%","-15.8%","-69.1%","-95.9%","-124.3%","-163.6%"
"Summary"," "," "," "," "," "," "," ","2","5","4","3","5","2","4","6"," ","-6.7%","0.3%","-0.3%","2.1%","-8.7%","-4.8%","-8.8%","133.8%","12.0%","-85.3%","-152.2%"
"Discount Stores (4 Stocks)"
"COST","Consumer Defensive","Costco Wholesale","22.14;22.25;22.27;22.33;0.00","6.40;6.43;6.43;6.43;0.00","20.07;20.31;20.33;20.40;0.00","4.86;4.86;4.87;4.88;0.00","","6","4","2","2","8","7","2","2","Discount Stores","17.4%","2.9%","0.8%","2.5%","13.3%","-0.7%","-21.1%","-4.8%","42.0%","144.3%","387.1%"
"WMT","Consumer Defensive","Walmart","3.31;3.31;3.32;3.29;0.00","0.76;0.75;0.76;0.75;0.00","2.97;2.98;2.97;2.93;0.00","0.68;0.68;0.68;0.66;0.00","","7","3","4","5","6","9","5","5","Discount Stores","12.7%","1.7%","-1.2%","-2.8%","9.4%","18.8%","13.2%","73.5%","100.7%","119.9%","269.3%"
"DG","Consumer Defensive","Dollar General","6.68;7.07;7.15;7.16;0.00","1.93;1.95;1.95;1.95;0.00","6.11;6.12;6.49;6.50;0.00","1.55;1.57;1.56;1.58;0.00","","1","8","8","9","3","2","8","6","Discount Stores","12.2%","1.2%","-4.3%","2.5%","12.6%","30.7%","77.3%","-37.2%","-102.3%","-99.5%","-175.0%"
"OLLI","Consumer Defensive","Ollie's Bargain Outlet","4.45;4.47;4.48;4.53;0.00","0.88;0.88;0.88;0.88;0.00","3.85;3.85;3.86;3.87;0.00","1.38;1.38;1.39;1.39;0.00","","6","1","8","8","9","6","1","2","Discount Stores","0.9%","1.0%","3.7%","-0.4%","-8.6%","-22.9%","-15.3%","10.1%","23.9%","-59.5%","128.3%"
"Summary"," "," "," "," "," "," "," ","5","4","6","6","7","6","4","4"," ","10.8%","1.7%","-0.3%","0.4%","6.7%","6.5%","13.5%","10.4%","16.0%","26.3%","152.4%"
"Drug Manufacturers - Specialty & Generic (1 Stock)"
"NBIX","Healthcare","Neurocrine Biosciences","11.19;10.68;10.75;9.69;0.00","2.19;2.19;2.22;2.08;0.00","9.14;9.17;9.23;8.05;0.00","1.99;1.99;1.93;1.80;0.00","","2","4","3","1","7","3","1","3","Drug Manufacturers - Specialty & Generic","-8.1%","0.1%","-1.1%","-6.5%","-16.0%","-15.7%","-5.1%","-38.4%","-46.0%","-50.5%","-35.5%"
"Summary"," "," "," "," "," "," "," ","2","4","3","1","7","3","1","3"," ","-8.1%","0.1%","-1.1%","-6.5%","-16.0%","-15.7%","-5.1%","-38.4%","-46.0%","-50.5%","-35.5%"
"Drug Manufacturers - General (8 Stocks)"
"LLY","Healthcare","Eli Lilly and Co","39.55;40.11;41.31;41.78;0.00","7.94;7.98;8.05;8.07;0.00","32.24;32.72;33.33;34.50;0.00","7.54;7.46;7.61;7.22;0.00","","7","9","7","1","9","8","1","9","Drug Manufacturers - General","-6.1%","2.1%","-3.8%","-3.5%","-0.2%","32.0%","-9.5%","-6.5%","144.2%","315.1%","1191.2%"
"AMGN","Healthcare","Amgen","22.59;22.64;22.81;23.26;0.00","5.69;5.74;5.81;5.83;0.00","21.86;21.95;22.10;22.37;0.00","5.06;5.04;5.18;4.82;0.00","","5","8","6","3","7","6","2","9","Drug Manufacturers - General","15.2%","1.9%","-2.8%","-0.4%","14.4%","27.5%","1.1%","6.7%","-0.5%","1.9%","-57.2%"
"JNJ","Healthcare","Johnson & Johnson","12.37;12.39;12.54;12.54;0.00","2.90;2.86;2.88;2.88;0.00","11.52;11.52;11.53;11.53;0.00","2.76;2.74;2.69;2.69;0.00","","5","1","3","3","8","7","5","7","Drug Manufacturers - General","18.3%","1.7%","-1.2%","3.5%","21.3%","31.7%","30.2%","24.7%","-4.2%","-10.6%","-100.7%"
"NVS","Healthcare","Novartis","10.38;10.01;10.09;10.04;0.00","0.00;0.00;2.32;2.22;0.00","9.38;9.14;9.18;9.06;0.00","0.00;0.00;2.08;1.99;0.00","","3","1","3","3","7","5","2","6","Drug Manufacturers - General","17.7%","0.8%","-3.0%","5.1%","22.8%","18.8%","28.3%","32.6%","51.2%","48.9%","-14.0%"
"GILD","Healthcare","Gilead Sciences","9.31;9.31;9.39;9.65;0.00","2.23;2.19;2.13;2.11;0.00","8.72;8.75;8.74;8.71;0.00","2.05;2.03;1.98;1.90;0.00","","5","2","4","2","8","4","2","7","Drug Manufacturers - General","18.8%","0.5%","-1.3%","-2.8%","21.1%","22.2%","8.7%","76.7%","24.0%","81.9%","-163.2%"
"ABBV","Healthcare","AbbVie","15.82;15.84;15.91;16.07;0.00","3.64;3.64;3.63;3.77;0.00","14.24;14.25;14.22;14.52;0.00","3.05;3.11;3.10;3.01;0.00","","7","1","8","8","8","6","3","10","Drug Manufacturers - General","3.1%","0.4%","1.2%","5.8%","4.2%","5.3%","-6.0%","0.8%","-8.1%","73.2%","221.7%"
"AZN","Healthcare","AstraZeneca","0.00;0.00;0.00;5.93;0.00","0.00;0.00;0.00;0.00;0.00","0.00;0.00;0.00;5.23;0.00","0.00;0.00;0.00;0.00;0.00","","6","6","4","4","7","7","1","6","Drug Manufacturers - General","13.4%","-0.3%","-4.8%","4.4%","11.0%","14.7%","13.6%","21.5%","-14.3%","37.0%","61.6%"
"BIIB","Healthcare","Biogen","15.90;15.90;15.83;16.24;0.00","3.83;3.91;3.94;4.32;0.00","15.18;15.22;15.04;15.69;0.00","3.48;3.54;3.47;3.04;0.00","","1","3","6","8","5","3","9","4","Drug Manufacturers - General","6.6%","-0.4%","-1.6%","-5.3%","3.6%","26.8%","6.6%","-50.3%","-104.8%","-119.7%","-321.9%"
"Summary"," "," "," "," "," "," "," ","5","4","5","4","7","6","3","7"," ","10.9%","0.8%","-2.2%","0.8%","12.3%","22.4%","9.1%","13.3%","10.9%","53.4%","102.2%"
"Electronic Components (2 Stocks)"
"JBL","Technology","Jabil","12.83;12.83;12.92;13.47;0.00","2.79;2.79;2.78;2.90;0.00","11.10;11.10;11.12;11.59;0.00","2.35;2.35;2.37;2.49;0.00","","3","8","5","3","3","4","3","10","Electronic Components","7.3%","-3.1%","-7.0%","-3.8%","11.2%","10.2%","55.8%","22.7%","114.1%","377.8%","798.1%"
"FN","Technology","Fabrinet","15.26;15.31;15.54;15.85;0.00","3.66;3.66;3.66;3.76;0.00","13.28;13.28;13.55;13.58;0.00","3.45;3.45;3.45;3.55;0.00","","5","8","5","1","8","6","1","2","Electronic Components","9.0%","-8.8%","-8.3%","-0.1%","3.9%","27.7%","147.6%","82.2%","230.6%","374.8%","1369.4%"
"Summary"," "," "," "," "," "," "," ","4","8","5","2","6","5","2","6"," ","8.2%","-5.9%","-7.6%","-2.0%","7.5%","19.0%","101.7%","52.5%","172.3%","376.3%","1083.8%"
"Electronics & Computer Distribution (1 Stock)"
"SNX","Technology","TD Synnex","16.32;16.32;16.12;16.11;0.00","3.33;3.33;3.41;3.42;0.00","14.51;14.51;14.64;14.63;0.00","3.17;3.17;3.32;3.29;0.00","","1","2","5","3","1","2","3","8","Electronics & Computer Distribution","6.0%","0.3%","1.7%","-6.0%","2.9%","0.6%","3.7%","16.8%","-3.7%","-8.0%","-19.4%"
"Summary"," "," "," "," "," "," "," ","1","2","5","3","1","2","3","8"," ","6.0%","0.3%","1.7%","-6.0%","2.9%","0.6%","3.7%","16.8%","-3.7%","-8.0%","-19.4%"
"Electrical Equipment & Parts (2 Stocks)"
"VRT","Industrials","Vertiv Holdings","6.53;6.58;6.60;7.91;0.00","1.27;1.28;1.30;1.43;0.00","5.26;5.28;5.33;6.14;0.00","0.93;0.95;0.96;1.01;0.00","","5","6","1","1","8","4","1","7","Electrical Equipment & Parts","50.8%","-1.9%","-3.1%","26.4%","29.5%","90.5%","176.3%","201.4%","1324.9%","1023.1%","- "
"AEIS","Industrials","Advanced Energy Indus","9.03;9.03;9.08;10.51;0.00","1.79;1.79;1.78;2.00;0.00","7.78;7.78;7.83;8.60;0.00","1.71;1.71;1.66;1.97;0.00","","4","8","3","3","7","4","2","6","Electrical Equipment & Parts","40.4%","-5.3%","-11.4%","9.2%","34.2%","84.7%","156.1%","150.2%","140.1%","101.8%","552.0%"
"Summary"," "," "," "," "," "," "," ","5","7","2","2","8","4","2","7"," ","45.6%","-3.6%","-7.2%","17.8%","31.8%","87.6%","166.2%","175.8%","732.5%","562.5%","552.0%"
"Electronic Gaming & Multimedia (2 Stocks)"
"NTES","Communication Services","NetEase","72.02;71.95;71.90;69.92;0.00","15.03;15.03;15.25;15.04;0.00","65.22;65.29;65.32;63.23;0.00","15.50;15.50;15.93;15.47;0.00","","1","2","4","2","6","2","1","4","Electronic Gaming & Multimedia","-12.9%","4.7%","4.5%","-1.4%","-14.1%","-16.5%","-1.7%","-15.6%","-27.2%","-68.3%","96.9%"
"TTWO","Communication Services","Take-Two Interactive","3.49;3.74;3.63;3.73;0.00","-0.11;-0.12;-0.12;-0.45;0.00","-1.94;-1.91;-1.86;-1.86;0.00","-0.67;-0.69;-0.70;-0.49;0.00","","5","2","9","9","7","5","6","8","Electronic Gaming & Multimedia","-15.8%","0.8%","2.0%","10.9%","-13.1%","-16.3%","-17.1%","11.7%","9.6%","-64.2%","189.6%"
"Summary"," "," "," "," "," "," "," ","3","2","7","6","7","4","4","6"," ","-14.4%","2.8%","3.3%","4.8%","-13.6%","-16.4%","-9.4%","-2.0%","-8.8%","-66.2%","143.2%"
"Engineering & Construction (5 Stocks)"
"J","Industrials","Jacobs Solutions","7.83;7.99;7.97;8.03;0.00","1.84;1.86;1.86;1.86;0.00","7.01;7.09;7.08;7.15;0.00","1.71;1.69;1.68;1.68;0.00","","5","9","4","5","7","4","5","6","Engineering & Construction","5.1%","1.8%","1.2%","-5.1%","-0.6%","-10.0%","-5.9%","-20.5%","-33.7%","-37.9%","48.3%"
"ACM","Industrials","AECOM","6.15;6.10;6.13;6.62;0.00","1.44;1.42;1.44;1.57;0.00","5.27;5.26;5.26;5.96;0.00","1.27;1.25;1.26;1.55;0.00","","4","10","5","3","5","5","6","8","Engineering & Construction","0.5%","1.6%","-2.0%","-4.1%","-6.3%","-29.9%","-20.6%","-28.0%","-64.8%","-20.1%","-64.7%"
"PWR","Industrials","Quanta Services","14.56;14.56;14.41;15.13;0.00","3.00;2.97;2.96;3.12;0.00","12.47;12.45;12.43;13.04;0.00","2.27;2.27;2.26;2.15;0.00","","6","6","4","5","9","7","1","5","Engineering & Construction","29.6%","-0.3%","-2.0%","9.1%","18.9%","40.5%","105.7%","88.7%","158.8%","467.7%","2132.9%"
"MTZ","Industrials","MasTec","10.02;9.97;10.05;10.05;0.00","2.04;2.04;2.03;2.03;0.00","8.15;8.15;8.15;8.15;0.00","0.78;0.78;0.79;0.79;0.00","","6","6","5","5","8","7","1","6","Engineering & Construction","32.9%","-1.9%","-2.1%","13.0%","31.7%","55.9%","121.5%","187.0%","108.0%","119.8%","1145.9%"
"FIX","Industrials","Comfort Systems USA","34.97;34.97;35.46;36.26;0.00","7.98;7.98;7.98;8.03;0.00","30.79;30.79;30.79;30.95;0.00","5.85;5.85;5.85;5.87;0.00","","6","8","1","1","10","6","1","3","Engineering & Construction","38.7%","-3.7%","-8.4%","6.8%","29.4%","76.7%","272.6%","275.7%","685.4%","1686.8%","4079.0%"
"Summary"," "," "," "," "," "," "," ","5","8","4","4","8","6","3","6"," ","21.4%","-0.5%","-2.7%","3.9%","14.6%","26.6%","94.6%","100.6%","170.7%","443.3%","1468.3%"
"Entertainment (2 Stocks)"
"LYV","Communication Services","Live Nation Entertainment","3.03;3.04;2.83;2.40;0.00","1.03;1.03;1.08;1.03;0.00","1.94;1.99;1.89;1.49;0.00","-0.11;-0.11;-0.09;-0.14;0.00","","4","8","5","6","5","5","2","8","Entertainment","11.1%","-1.0%","-1.7%","13.6%","13.7%","-9.0%","0.3%","22.1%","41.8%","-14.1%","300.6%"
"TKO","Communication Services","TKO Group Holdings","7.27;7.25;6.04;6.12;0.00","1.89;2.25;2.12;2.50;0.00","6.33;6.31;5.52;5.28;0.00","1.68;1.58;1.46;2.21;0.00","","6","8","3","4","8","4","3","6","Entertainment","-1.5%","-3.0%","-7.4%","-1.6%","2.2%","0.7%","20.8%","123.5%","- ","- ","- "
"Summary"," "," "," "," "," "," "," ","5","8","4","5","7","5","3","7"," ","4.8%","-2.0%","-4.6%","6.0%","7.9%","-4.2%","10.5%","72.8%","41.8%","-14.1%","300.6%"
"Farm & Heavy Construction Machinery (2 Stocks)"
"DE","Industrials","Deere","22.70;22.69;22.09;23.06;0.00","4.65;4.67;4.68;5.06;0.00","16.63;16.65;16.66;17.96;0.00","5.60;5.60;5.59;5.83;0.00","","6","2","5","3","8","7","7","8","Farm & Heavy Construction Machinery","28.2%","1.2%","-4.3%","3.9%","26.2%","20.9%","5.0%","30.2%","-28.7%","-8.0%","422.7%"
"PCAR","Industrials","PACCAR","7.07;7.13;6.73;6.74;0.00","1.27;1.29;1.32;1.32;0.00","5.58;5.51;5.65;5.65;0.00","1.21;1.20;1.17;1.17;0.00","","3","3","5","4","8","4","5","5","Farm & Heavy Construction Machinery","11.8%","-1.0%","-2.5%","-2.4%","12.5%","19.3%","-3.3%","-24.0%","3.2%","43.0%","89.0%"
"Summary"," "," "," "," "," "," "," ","5","3","5","4","8","6","6","7"," ","20.0%","0.1%","-3.4%","0.8%","19.3%","20.1%","0.9%","3.1%","-12.8%","17.5%","255.9%"
"Financial Data & Stock Exchanges (9 Stocks)"
"ICE","Financial Services","Intercontinental Exchange","8.34;8.38;8.39;8.51;0.00","1.89;1.90;1.88;1.85;0.00","7.48;7.52;7.50;7.62;0.00","1.84;1.85;1.84;1.91;0.00","","2","4","8","7","5","6","2","7","Financial Data & Stock Exchanges","4.2%","2.7%","3.3%","1.1%","7.2%","-8.7%","-19.8%","-13.3%","-5.9%","-33.9%","-3.0%"
"CBOE","Financial Services","Cboe Global Markets","11.52;11.56;11.91;12.46;0.00","2.67;2.67;2.72;2.91;0.00","10.78;10.91;11.11;11.76;0.00","2.67;2.68;2.74;2.91;0.00","","1","1","4","3","5","4","5","2","Financial Data & Stock Exchanges","21.9%","2.6%","2.5%","13.3%","21.1%","25.6%","24.2%","29.0%","76.1%","120.3%","140.0%"
"MSCI","Financial Services","MSCI","21.77;21.77;21.90;22.04;0.00","4.75;4.74;4.75;4.82;0.00","19.36;19.36;19.43;19.45;0.00","4.52;4.49;4.48;4.43;0.00","","3","2","5","5","9","9","1","9","Financial Data & Stock Exchanges","1.2%","1.9%","1.6%","5.2%","7.8%","-1.3%","-17.0%","-29.1%","-64.5%","-43.2%","515.9%"
"FDS","Financial Services","FactSet Research Systems","18.76;18.98;19.01;18.96;0.00","4.42;4.41;4.42;4.42;0.00","17.32;17.48;17.49;17.46;0.00","4.33;4.39;4.39;4.39;0.00","","1","7","4","1","2","2","6","5","Financial Data & Stock Exchanges","-20.2%","1.8%","6.2%","12.3%","-20.3%","-43.1%","-67.0%","-85.5%","-117.4%","-112.4%","-236.2%"
"MCO","Financial Services","Moodys","18.22;18.27;18.45;18.69;0.00","4.10;4.11;4.13;4.23;0.00","16.32;16.35;16.48;16.65;0.00","4.21;4.21;4.24;4.41;0.00","","3","2","4","1","8","9","2","8","Financial Data & Stock Exchanges","-5.9%","1.7%","1.1%","7.3%","-3.1%","-9.6%","-17.7%","-12.1%","-13.8%","-16.8%","147.0%"
"SPGI","Financial Services","S&P Global","22.16;22.19;22.30;22.13;0.00","4.97;4.97;4.99;4.96;0.00","19.81;19.83;19.95;19.63;0.00","4.89;4.90;4.91;4.83;0.00","","2","3","4","5","7","6","1","3","Financial Data & Stock Exchanges","-11.7%","1.6%","4.4%","6.0%","-7.4%","-20.1%","-30.2%","-27.5%","-41.3%","-47.0%","124.4%"
"MORN","Financial Services","Morningstar","12.42;12.42;12.45;12.45;0.00","2.61;2.61;2.61;2.61;0.00","10.79;10.79;10.83;10.83;0.00","2.51;2.51;2.51;2.51;0.00","","1","5","5","2","1","3","2","7","Financial Data & Stock Exchanges","-10.8%","1.5%","5.8%","17.7%","-11.1%","-30.4%","-54.3%","-73.2%","-81.0%","-105.2%","-141.5%"
"CME","Financial Services","CME Group","12.40;12.42;12.44;12.65;0.00","2.94;2.96;2.97;3.01;0.00","11.64;11.65;11.72;11.92;0.00","2.90;2.91;2.95;3.04;0.00","","2","7","2","6","9","8","6","5","Financial Data & Stock Exchanges","17.7%","1.4%","1.3%","7.7%","19.2%","17.6%","8.4%","18.6%","18.6%","-8.8%","86.1%"
"COIN","Financial Services","Coinbase Global","7.78;8.03;7.67;5.97;0.00","1.77;1.67;1.53;0.85;0.00","6.94;6.96;6.45;3.72;0.00","1.61;1.47;1.31;0.38;0.00","","7","5","6","6","6","6","7","5","Financial Data & Stock Exchanges","-11.2%","-2.8%","14.2%","22.2%","-25.3%","-38.6%","-26.7%","-52.6%","141.0%","- ","- "
"Summary"," "," "," "," "," "," "," ","2","4","5","4","6","6","4","6"," ","-1.7%","1.4%","4.5%","10.3%","-1.3%","-12.1%","-22.2%","-27.3%","-9.8%","-30.9%","79.1%"
"Gold (4 Stocks)"
"FNV","Basic Materials","Franco-Nevada","6.98;7.16;7.75;8.32;0.00","1.60;1.70;1.88;2.06;0.00","5.01;5.14;5.27;5.30;0.00","1.36;1.49;1.56;1.57;0.00","","1","7","1","2","2","3","1","2","Gold","26.9%","3.1%","-5.4%","14.7%","29.5%","30.0%","64.8%","106.9%","24.2%","61.2%","107.9%"
"RGLD","Basic Materials","Royal Gold","10.98;12.11;12.59;14.56;0.00","2.38;2.44;2.94;3.08;0.00","10.83;11.38;12.14;12.44;0.00","2.35;2.37;2.88;3.02;0.00","","1","8","1","1","2","4","1","6","Gold","27.7%","2.6%","-4.6%","8.1%","40.7%","47.5%","69.3%","123.1%","73.6%","95.6%","251.7%"
"AEM","Basic Materials","Agnico Eagle Mines","10.25;10.98;12.01;13.24;0.00","2.58;2.58;3.00;3.40;0.00","10.21;10.71;12.18;13.92;0.00","2.58;2.63;3.04;3.36;0.00","","1","7","1","2","2","1","1","5","Gold","32.1%","1.1%","-10.0%","15.4%","32.7%","41.6%","109.3%","289.1%","323.7%","248.5%","373.1%"
"WPM","Basic Materials","Wheaton Precious Metals","3.31;3.59;4.08;4.38;0.00","0.84;0.91;1.23;1.23;0.00","2.44;2.52;2.65;2.69;0.00","0.68;0.79;0.85;0.86;0.00","","1","7","1","2","2","2","1","3","Gold","26.5%","0.7%","-8.2%","10.8%","37.5%","36.5%","91.9%","205.9%","194.1%","242.8%","619.2%"
"Summary"," "," "," "," "," "," "," ","1","7","1","2","2","3","1","4"," ","28.3%","1.8%","-7.1%","12.2%","35.1%","38.9%","83.8%","181.2%","153.9%","162.0%","338.0%"
"Health Information Services (1 Stock)"
"VEEV","Healthcare","Veeva Systems","9.79;9.79;9.81;9.82;0.00","2.13;2.13;2.13;2.13;0.00","8.58;8.58;8.59;8.60;0.00","2.06;2.06;2.06;2.06;0.00","","1","3","2","1","6","2","1","1","Health Information Services","-10.9%","1.0%","9.4%","9.2%","-17.6%","-33.0%","-36.0%","-48.2%","-62.4%","-111.3%","333.2%"
"Summary"," "," "," "," "," "," "," ","1","3","2","1","6","2","1","1"," ","-10.9%","1.0%","9.4%","9.2%","-17.6%","-33.0%","-36.0%","-48.2%","-62.4%","-111.3%","333.2%"
"Healthcare Plans (2 Stocks)"
"UNH","Healthcare","UnitedHealth Group","20.83;20.84;20.79;20.03;0.00","4.39;4.42;4.42;4.46;0.00","17.72;17.77;17.76;17.85;0.00","6.63;6.61;6.67;6.88;0.00","","5","4","3","3","7","5","3","4","Healthcare Plans","-11.7%","0.5%","-0.3%","6.3%","-11.2%","-12.6%","-58.6%","-72.2%","-110.3%","-98.4%","-121.8%"
"MOH","Healthcare","Molina Healthcare","16.20;13.69;12.58;10.28;0.00","3.37;3.37;3.55;0.82;0.00","14.05;13.76;13.71;7.48;0.00","4.45;4.36;4.36;2.93;0.00","","8","6","5","4","2","8","3","6","Healthcare Plans","-15.2%","-0.9%","-4.2%","12.5%","-3.3%","-21.9%","-74.2%","-98.1%","-121.8%","-122.2%","-171.9%"
"Summary"," "," "," "," "," "," "," ","7","5","4","4","5","7","3","5"," ","-13.4%","-0.2%","-2.2%","9.4%","-7.2%","-17.2%","-66.4%","-85.2%","-116.0%","-110.3%","-146.9%"
"Household & Personal Products (2 Stocks)"
"KMB","Consumer Defensive","Kimberly-Clark","7.94;7.96;7.95;7.64;0.00","1.91;1.91;1.91;1.78;0.00","7.51;7.51;7.50;7.10;0.00","1.87;1.87;1.87;1.67;0.00","","2","10","4","1","7","5","5","8","Household & Personal Products","6.5%","2.2%","-3.0%","4.3%","4.4%","-22.1%","-41.4%","-43.8%","-79.2%","-92.2%","-286.4%"
"PG","Consumer Defensive","Procter & Gamble","7.39;7.35;7.32;7.33;0.00","1.55;1.54;1.53;1.53;0.00","7.00;7.00;6.97;6.97;0.00","1.59;1.59;1.57;1.57;0.00","","3","9","1","1","8","6","2","6","Household & Personal Products","9.5%","1.1%","-6.1%","-0.7%","9.5%","-7.2%","-28.5%","-33.9%","-55.0%","-49.6%","-156.1%"
"Summary"," "," "," "," "," "," "," ","3","10","3","1","8","6","4","7"," ","8.0%","1.7%","-4.5%","1.8%","7.0%","-14.7%","-35.0%","-38.9%","-67.1%","-70.9%","-221.3%"
"Information Technology Services (7 Stocks)"
"BR","Technology","Broadridge Financial","10.27;10.27;10.27;10.34;0.00","3.83;3.83;3.83;3.81;0.00","9.45;9.45;9.45;9.49;0.00","2.71;2.71;2.71;2.64;0.00","","3","3","2","1","8","4","1","7","Information Technology Services","-10.2%","4.5%","7.9%","11.0%","-13.2%","-25.5%","-34.7%","-35.2%","-28.6%","-37.8%","8.5%"
"JKHY","Technology","Jack Henry & Associates","6.82;6.82;6.87;6.96;0.00","1.56;1.56;1.57;1.52;0.00","6.28;6.28;6.32;6.46;0.00","1.47;1.46;1.47;1.42;0.00","","4","4","1","1","8","5","4","1","Information Technology Services","-3.9%","4.2%","8.2%","2.3%","-3.5%","2.1%","-23.9%","-33.7%","-64.3%","-67.5%","-162.1%"
"LDOS","Technology","Leidos Holdings","12.80;12.87;12.86;12.78;0.00","3.05;3.05;3.04;3.03;0.00","12.32;12.34;12.35;12.32;0.00","2.98;2.99;2.96;2.95;0.00","","1","3","3","2","5","4","3","6","Information Technology Services","0.2%","2.6%","3.6%","-5.0%","-3.0%","-4.8%","16.2%","4.6%","17.1%","21.3%","215.9%"
"IBM","Technology","IBM","12.95;12.95;12.99;13.42;0.00","3.00;2.99;3.01;3.03;0.00","12.18;12.19;12.24;12.41;0.00","1.93;1.94;1.93;1.81;0.00","","4","1","3","2","8","5","2","7","Information Technology Services","-10.6%","2.2%","9.8%","-10.1%","-13.9%","0.7%","-12.2%","4.5%","47.2%","81.6%","-95.1%"
"ACN","Technology","Accenture","14.94;14.88;14.89;14.92;0.00","3.70;3.69;3.70;3.70;0.00","13.83;13.84;13.82;13.84;0.00","2.99;2.86;2.85;2.85;0.00","","1","2","1","1","6","3","3","4","Information Technology Services","-17.9%","1.8%","5.0%","-7.9%","-17.3%","-19.2%","-54.5%","-76.6%","-89.0%","-94.6%","-150.9%"
"CDW","Technology","CDW","11.40;11.39;11.32;11.31;0.00","2.67;2.67;2.66;2.64;0.00","10.59;10.57;10.51;10.51;0.00","2.20;2.20;2.20;2.20;0.00","","1","2","4","1","4","4","4","8","Information Technology Services","-7.4%","0.6%","2.7%","-10.2%","-13.6%","-31.2%","-43.8%","-83.9%","-109.9%","-102.9%","-57.3%"
"IT","Technology","Gartner","14.96;14.91;14.88;14.48;0.00","3.72;3.72;3.72;3.70;0.00","13.49;13.46;13.46;13.17;0.00","3.10;3.08;3.07;2.91;0.00","","2","6","2","1","7","3","3","9","Information Technology Services","-31.5%","0.2%","9.5%","10.9%","-24.8%","-35.9%","-83.8%","-99.3%","-123.7%","-95.9%","-200.4%"
"Summary"," "," "," "," "," "," "," ","2","3","2","1","7","4","3","6"," ","-11.6%","2.3%","6.7%","-1.3%","-12.7%","-16.2%","-33.8%","-45.7%","-50.2%","-42.2%","-63.1%"
"Insurance Brokers (4 Stocks)"
"WTW","Financial Services","Willis Towers Watson","22.21;22.08;22.26;22.43;0.00","3.16;3.12;3.17;3.19;0.00","19.32;19.19;19.32;19.66;0.00","3.67;3.63;3.67;3.71;0.00","","1","4","2","3","6","4","5","5","Insurance Brokers","-6.3%","2.2%","1.3%","-5.4%","-3.7%","-12.1%","-26.1%","-22.5%","-41.5%","-46.1%","-100.4%"
"AON","Financial Services","Aon","21.49;21.47;21.50;21.54;0.00","3.83;3.82;3.87;3.88;0.00","19.07;19.05;19.09;19.10;0.00","6.39;6.38;6.42;6.43;0.00","","2","2","1","2","8","4","4","7","Insurance Brokers","-1.7%","1.9%","3.6%","2.4%","0.5%","-12.3%","-33.3%","-26.1%","-58.9%","-35.8%","-20.7%"
"AJG","Financial Services","Arthur J. Gallagher","15.27;15.16;15.00;14.89;0.00","3.03;3.02;2.98;2.91;0.00","13.44;13.39;13.29;13.24;0.00","4.54;4.55;4.53;4.45;0.00","","3","4","3","6","8","5","1","4","Insurance Brokers","-10.0%","1.0%","2.3%","-2.5%","-2.9%","-27.9%","-50.9%","-41.9%","-50.3%","5.7%","258.5%"
"MRSH","Financial Services","Marsh","","","","","","1","7","2","2","7","3","3","6","Insurance Brokers","0.7%","0.3%","0.1%","1.7%","2.8%","-13.9%","-40.0%","-42.5%","-57.2%","-19.4%","-24.5%"
"Summary"," "," "," "," "," "," "," ","2","4","2","3","7","4","3","6"," ","-4.3%","1.3%","1.8%","-1.0%","-0.8%","-16.5%","-37.6%","-33.2%","-52.0%","-23.9%","28.2%"
"Insurance - Diversified (2 Stocks)"
"BRK.B","Financial Services","Berkshire Hathaway","21.94;21.94;21.94;21.82;0.00","5.34;5.34;5.12;5.08;0.00","20.43;20.43;20.66;21.06;0.00","5.45;5.45;5.45;5.25;0.00","","6","8","2","4","9","8","7","2","Insurance - Diversified","0.8%","1.0%","0.8%","1.0%","0.5%","-4.7%","-18.6%","-11.8%","-15.8%","9.1%","-36.3%"
"HIG","Financial Services","The Hartford Insurance Gr","14.28;14.32;14.44;14.49;0.00","3.34;3.36;3.38;3.37;0.00","13.23;13.26;13.39;13.42;0.00","3.32;3.32;3.37;3.36;0.00","","1","2","1","1","6","4","2","3","Insurance - Diversified","3.0%","1.0%","1.3%","0.9%","9.7%","2.1%","2.5%","12.5%","16.4%","99.3%","-3.8%"
"Summary"," "," "," "," "," "," "," ","4","5","2","3","8","6","5","3"," ","1.9%","1.0%","1.1%","0.9%","5.1%","-1.3%","-8.1%","0.3%","0.3%","54.2%","-20.0%"
"Insurance - Life (1 Stock)"
"AFL","Financial Services","Aflac","7.83;7.85;7.79;7.76;0.00","1.88;1.89;1.87;1.88;0.00","7.35;7.37;7.31;7.36;0.00","1.82;1.80;1.78;1.82;0.00","","6","3","2","2","7","7","6","1","Insurance - Life","3.0%","1.6%","0.6%","-1.7%","4.0%","0.6%","-13.5%","6.0%","1.0%","61.9%","62.4%"
"Summary"," "," "," "," "," "," "," ","6","3","2","2","7","7","6","1"," ","3.0%","1.6%","0.6%","-1.7%","4.0%","0.6%","-13.5%","6.0%","1.0%","61.9%","62.4%"
"Insurance - Property & Casualty (6 Stocks)"
"ALL","Financial Services","Allstate","24.24;24.31;24.63;25.11;0.00","4.30;4.26;4.22;4.40;0.00","24.14;24.12;24.34;25.03;0.00","6.88;6.90;6.91;7.07;0.00","","1","2","1","1","3","3","6","4","Insurance - Property & Casualty","4.1%","1.7%","1.5%","5.6%","7.1%","1.8%","-8.6%","5.3%","5.0%","26.6%","6.8%"
"PGR","Financial Services","Progressive","16.36;16.28;16.20;16.12;0.00","3.89;3.81;3.77;3.76;0.00","16.30;16.11;15.96;16.07;0.00","4.48;4.42;4.33;4.64;0.00","","2","4","1","1","6","4","1","3","Insurance - Property & Casualty","-0.1%","1.3%","0.6%","6.9%","2.1%","-12.7%","-39.1%","-18.5%","-14.9%","75.1%","413.9%"
"TRV","Financial Services","Travelers Companies","27.98;27.98;28.27;28.27;0.00","4.88;4.94;4.85;4.85;0.00","26.69;26.70;27.17;27.24;0.00","7.02;7.06;6.99;6.89;0.00","","1","6","2","2","6","4","3","5","Insurance - Property & Casualty","7.1%","1.2%","1.3%","4.4%","11.1%","7.6%","2.8%","8.4%","3.6%","34.3%","-52.5%"
"CINF","Financial Services","Cincinnati Financial","9.24;9.24;9.24;9.22;0.00","1.66;1.66;1.65;1.68;0.00","8.57;8.57;8.54;8.55;0.00","2.01;2.01;2.00;2.00;0.00","","3","1","1","2","9","5","5","1","Insurance - Property & Casualty","2.8%","0.8%","2.9%","-1.4%","4.0%","4.4%","1.4%","12.0%","-25.5%","-8.5%","-63.0%"
"AFG","Financial Services","American Financial Group","12.13;12.16;12.13;12.03;0.00","2.45;2.46;2.48;2.45;0.00","11.38;11.40;11.35;11.09;0.00","2.66;2.66;2.63;2.56;0.00","","1","3","3","5","6","4","6","7","Insurance - Property & Casualty","-1.0%","0.7%","0.3%","3.7%","2.1%","-6.6%","-9.6%","-20.7%","-55.0%","6.1%","-1.7%"
"CB","Financial Services","Chubb","28.51;28.50;28.65;28.95;0.00","6.60;6.59;6.58;6.69;0.00","26.25;26.25;26.37;26.84;0.00","6.55;6.56;6.56;6.57;0.00","","3","7","2","4","9","7","2","3","Insurance - Property & Casualty","6.6%","0.0%","-1.7%","1.9%","13.2%","14.5%","-2.7%","-0.9%","-8.6%","18.4%","-60.7%"
"Summary"," "," "," "," "," "," "," ","2","4","2","3","7","5","4","4"," ","3.3%","0.9%","0.8%","3.5%","6.6%","1.5%","-9.3%","-2.4%","-15.9%","25.3%","40.5%"
"Internet Content & Information (2 Stocks)"
"SPOT","Communication Services","Spotify Technology","15.95;15.93;15.88;16.26;0.00","2.85;2.86;2.83;2.92;0.00","12.07;12.21;12.23;13.07;0.00","2.65;2.65;2.64;2.86;0.00","","4","3","2","2","7","5","4","5","Internet Content & Information","-1.1%","3.7%","11.8%","36.5%","1.7%","-24.7%","-14.8%","75.6%","274.0%","17.6%","- "
"META","Communication Services","Meta Platforms","33.29;33.25;34.32;34.34;0.00","7.08;7.05;7.08;7.13;0.00","29.68;29.62;29.60;29.60;0.00","6.32;6.31;6.36;6.60;0.00","","3","1","1","2","8","5","1","5","Internet Content & Information","-0.8%","-1.0%","1.5%","0.3%","-2.6%","-18.8%","-15.8%","-4.5%","178.0%","57.7%","201.2%"
"Summary"," "," "," "," "," "," "," ","4","2","2","2","8","5","3","5"," ","-0.9%","1.3%","6.6%","18.4%","-0.5%","-21.7%","-15.3%","35.5%","226.0%","37.6%","201.2%"
"Integrated Freight & Logistics (5 Stocks)"
"EXPD","Industrials","Expeditors International","6.55;6.49;6.50;6.50;0.00","1.49;1.49;1.49;1.49;0.00","5.96;5.96;6.05;6.05;0.00","1.34;1.34;1.38;1.38;0.00","","4","1","5","1","8","5","7","4","Integrated Freight & Logistics","0.1%","1.4%","3.3%","-8.2%","-1.4%","17.5%","4.3%","-11.0%","-34.6%","-26.9%","-43.0%"
"CHRW","Industrials","C.H. Robinson Worldwide","6.80;6.82;7.15;7.16;0.00","1.54;1.54;1.53;1.53;0.00","5.95;5.99;6.05;6.05;0.00","1.31;1.31;1.26;1.26;0.00","","4","9","3","1","7","6","5","6","Integrated Freight & Logistics","13.7%","-1.1%","-0.7%","-7.4%","16.3%","38.9%","68.9%","125.6%","19.1%","26.7%","-85.9%"
"FDX","Industrials","FedEx","20.84;21.18;21.25;21.66;0.00","5.98;5.85;5.82;5.85;0.00","18.12;18.48;18.51;18.59;0.00","4.18;4.01;3.99;4.05;0.00","","3","2","5","3","6","5","4","7","Integrated Freight & Logistics","25.9%","-2.5%","-5.2%","0.0%","33.2%","54.9%","28.3%","15.7%","9.1%","-34.7%","-106.6%"
"LSTR","Industrials","Landstar System","6.98;6.91;6.71;6.71;0.00","1.36;1.37;1.33;1.34;0.00","5.48;5.47;5.30;5.34;0.00","1.19;1.19;1.12;1.13;0.00","","4","3","2","3","7","6","6","3","Integrated Freight & Logistics","8.9%","-3.5%","-4.8%","-3.3%","10.2%","12.6%","-21.5%","-48.7%","-83.8%","-84.8%","-110.8%"
"JBHT","Industrials","JB Hunt Transport Servs","8.42;8.60;8.84;8.84;0.00","1.70;1.69;1.69;1.69;0.00","7.03;7.06;7.22;7.22;0.00","1.43;1.43;1.45;1.45;0.00","","4","8","3","1","8","6","5","5","Integrated Freight & Logistics","11.6%","-4.4%","-6.6%","-3.6%","15.1%","44.6%","14.1%","-26.2%","-54.7%","-44.4%","-102.9%"
"Summary"," "," "," "," "," "," "," ","4","5","4","2","7","6","5","5"," ","12.0%","-2.0%","-2.8%","-4.5%","14.7%","33.7%","18.8%","11.1%","-29.0%","-32.8%","-89.8%"
"Internet Retail (3 Stocks)"
"PDD","Consumer Cyclical","PDD Holdings","87.48;87.21;86.84;86.92;0.00","17.96;17.96;17.96;17.96;0.00","69.48;69.37;75.46;75.51;0.00","19.08;19.08;20.90;20.90;0.00","","1","9","3","1","7","3","4","2","Internet Retail","-8.5%","2.6%","0.3%","-0.3%","-11.7%","-22.8%","-33.7%","-47.9%","-64.5%","-123.0%","- "
"DASH","Consumer Cyclical","DoorDash","5.04;5.01;4.98;4.46;0.00","0.75;0.74;0.71;0.47;0.00","3.26;3.21;3.16;2.51;0.00","0.67;0.67;0.63;0.36;0.00","","4","3","5","4","9","5","4","4","Internet Retail","-19.3%","-1.0%","3.6%","1.0%","-18.8%","-32.0%","-19.4%","0.3%","147.0%","-69.7%","- "
"AMZN","Consumer Cyclical","Amazon.com","9.49;9.51;9.60;9.38;0.00","1.84;1.84;1.84;1.79;0.00","7.80;7.82;7.87;7.75;0.00","1.71;1.72;1.72;1.65;0.00","","3","2","2","2","8","7","1","4","Internet Retail","-6.1%","-1.3%","3.6%","4.2%","-5.5%","-12.8%","-12.6%","-12.4%","54.2%","-45.9%","343.5%"
"Summary"," "," "," "," "," "," "," ","3","5","3","2","8","5","3","3"," ","-11.3%","0.1%","2.5%","1.6%","-12.0%","-22.5%","-21.9%","-20.0%","45.6%","-79.5%","343.5%"
"Luxury Goods (1 Stock)"
"TPR","Consumer Cyclical","Tapestry","6.19;6.20;6.32;7.19;0.00","1.06;1.06;1.06;1.16;0.00","5.61;5.60;5.67;6.50;0.00","1.00;1.00;1.02;1.28;0.00","","4","2","4","3","9","5","4","9","Luxury Goods","14.7%","-2.1%","-5.0%","-2.2%","25.9%","34.6%","69.3%","186.6%","186.8%","202.5%","93.7%"
"Summary"," "," "," "," "," "," "," ","4","2","4","3","9","5","4","9"," ","14.7%","-2.1%","-5.0%","-2.2%","25.9%","34.6%","69.3%","186.6%","186.8%","202.5%","93.7%"
"Marine Shipping (1 Stock)"
"KEX","Industrials","Kirby","7.51;7.50;7.48;8.21;0.00","1.77;1.77;1.78;1.79;0.00","6.97;6.98;6.97;7.00;0.00","1.54;1.54;1.54;1.57;0.00","","4","7","4","5","8","7","5","4","Marine Shipping","17.4%","-0.7%","0.3%","7.0%","14.6%","38.7%","11.4%","8.3%","-3.1%","8.5%","-190.5%"
"Summary"," "," "," "," "," "," "," ","4","7","4","5","8","7","5","4"," ","17.4%","-0.7%","0.3%","7.0%","14.6%","38.7%","11.4%","8.3%","-3.1%","8.5%","-190.5%"
"Medical Distribution (3 Stocks)"
"CAH","Healthcare","Cardinal Health","11.07;11.08;11.29;11.55;0.00","2.29;2.29;2.35;2.34;0.00","9.79;9.83;10.02;10.30;0.00","2.69;2.69;2.75;2.77;0.00","","3","7","4","7","4","2","1","9","Medical Distribution","7.8%","2.1%","-3.0%","-1.0%","11.4%","41.9%","54.8%","67.8%","134.6%","271.4%","-48.7%"
"COR","Healthcare","Cencora","19.49;19.44;19.43;19.62;0.00","4.34;4.34;4.32;4.30;0.00","17.65;17.60;17.59;17.62;0.00","4.92;4.91;4.89;4.75;0.00","","3","8","4","2","4","5","3","8","Medical Distribution","7.9%","1.1%","-1.7%","2.7%","7.3%","18.4%","23.4%","19.9%","62.0%","172.5%","71.4%"
"MCK","Healthcare","McKesson","43.81;43.82;43.79;44.22;0.00","9.77;9.76;9.75;9.72;0.00","38.67;38.68;38.68;39.02;0.00","11.33;11.34;11.34;11.58;0.00","","3","7","3","7","4","3","2","10","Medical Distribution","13.7%","0.0%","-4.8%","-0.2%","15.4%","29.4%","25.0%","41.3%","94.7%","351.9%","212.0%"
"Summary"," "," "," "," "," "," "," ","3","7","4","5","4","3","2","9"," ","9.8%","1.1%","-3.1%","0.5%","11.4%","29.9%","34.4%","43.0%","97.1%","265.3%","78.2%"
"Medical Care Facilities (4 Stocks)"
"DVA","Healthcare","DaVita","14.93;14.93;14.93;16.06;0.00","3.33;3.33;3.33;3.63;0.00","12.76;12.76;12.76;14.08;0.00","2.46;2.46;2.46;2.34;0.00","","1","3","5","6","5","3","3","9","Medical Care Facilities","34.2%","1.9%","-1.5%","9.8%","30.0%","4.8%","-11.4%","-21.1%","14.8%","-45.1%","-184.1%"
"HCA","Healthcare","HCA Healthcare","33.07;32.94;32.66;33.29;0.00","7.51;7.49;7.45;7.47;0.00","29.75;29.72;29.51;30.30;0.00","7.19;7.17;7.13;7.17;0.00","","2","1","3","6","7","4","2","10","Medical Care Facilities","15.7%","1.0%","2.6%","9.0%","11.2%","22.5%","48.0%","32.0%","43.7%","114.9%","385.5%"
"EHC","Healthcare","Encompass Health","6.27;6.27;6.28;6.28;0.00","1.46;1.46;1.46;1.46;0.00","5.76;5.76;5.77;5.78;0.00","1.48;1.48;1.49;1.49;0.00","","2","8","2","2","7","6","2","5","Medical Care Facilities","2.5%","0.7%","1.2%","4.3%","-3.2%","-19.1%","-10.8%","6.2%","26.5%","-9.4%","58.5%"
"THC","Healthcare","Tenet Healthcare","18.08;18.02;17.91;17.52;0.00","4.07;4.06;4.03;4.21;0.00","16.42;16.42;16.27;16.88;0.00","4.42;4.40;4.41;4.17;0.00","","2","5","2","2","5","3","4","7","Medical Care Facilities","20.8%","-0.5%","1.0%","20.4%","14.4%","16.2%","70.1%","108.1%","222.9%","252.6%","477.7%"
"Summary"," "," "," "," "," "," "," ","2","4","3","4","6","4","3","8"," ","18.3%","0.8%","0.8%","10.9%","13.1%","6.1%","23.9%","31.3%","76.9%","78.2%","184.4%"
"Medical Instruments & Supplies (6 Stocks)"
"WST","Healthcare","West Pharmaceutical Servs","8.88;8.89;8.79;8.83;0.00","1.95;1.95;1.95;1.95;0.00","7.78;7.79;7.75;7.76;0.00","1.66;1.65;1.66;1.66;0.00","","2","4","2","2","7","5","4","3","Medical Instruments & Supplies","-9.0%","2.0%","-1.3%","1.5%","-10.6%","-6.4%","-12.8%","-65.5%","-96.6%","-93.1%","-1.9%"
"ALGN","Healthcare","Align Technology","11.86;11.86;11.94;12.26;0.00","2.68;2.68;2.71;2.75;0.00","10.95;10.95;11.05;11.30;0.00","2.41;2.42;2.44;2.26;0.00","","1","5","5","2","6","4","4","3","Medical Instruments & Supplies","13.0%","0.4%","-6.4%","-4.5%","12.3%","20.5%","-17.7%","-78.0%","-121.4%","-155.5%","-150.7%"
"RMD","Healthcare","ResMed","12.02;12.03;12.05;12.18;0.00","2.87;2.88;2.88;2.89;0.00","10.90;10.91;10.92;11.03;0.00","2.77;2.77;2.77;2.81;0.00","","1","4","4","1","8","3","1","3","Medical Instruments & Supplies","6.8%","0.4%","0.7%","-3.9%","0.4%","-12.9%","-5.4%","4.4%","-54.5%","-45.3%","92.3%"
"ISRG","Healthcare","Intuitive Surgical","11.13;11.16;11.44;11.43;0.00","2.42;2.42;2.48;2.48;0.00","9.66;9.70;10.02;10.01;0.00","2.12;2.12;2.12;2.12;0.00","","3","3","3","1","9","6","1","1","Medical Instruments & Supplies","-11.9%","0.0%","-0.6%","3.2%","-13.2%","0.4%","-27.8%","-9.0%","35.5%","18.2%","375.1%"
"BDX","Healthcare","Becton Dickinson","15.90;15.88;15.85;13.49;0.00","3.97;3.97;4.00;3.07;0.00","14.93;14.94;14.94;12.54;0.00","3.37;3.37;3.31;2.78;0.00","","1","3","5","4","5","2","6","7","Medical Instruments & Supplies","11.0%","-0.3%","-3.3%","4.0%","11.9%","7.4%","-21.9%","-40.6%","-76.9%","-89.9%","-220.4%"
"TFX","Healthcare","Teleflex","16.61;16.65;16.76;16.73;0.00","3.78;3.81;3.80;3.83;0.00","15.18;15.20;15.21;15.24;0.00","3.12;3.12;3.11;3.14;0.00","","2","5","7","8","5","3","5","8","Medical Instruments & Supplies","-5.3%","-2.0%","-4.9%","7.6%","-4.1%","-17.4%","-34.5%","-83.9%","-123.5%","-158.8%","-315.9%"
"Summary"," "," "," "," "," "," "," ","2","4","4","3","7","4","4","4"," ","0.8%","0.1%","-2.6%","1.3%","-0.5%","-1.4%","-20.0%","-45.4%","-72.9%","-87.4%","-36.9%"
"Medical Devices (4 Stocks)"
"MASI","Healthcare","Masimo","6.58;6.61;6.57;6.57;0.00","1.39;1.39;1.39;1.39;0.00","5.89;5.90;5.90;5.90;0.00","1.43;1.43;1.43;1.43;0.00","","2","3","4","5","6","3","2","6","Medical Devices","36.4%","1.3%","2.1%","28.9%","25.4%","14.6%","-18.9%","0.0%","-76.3%","-111.8%","59.2%"
"PEN","Healthcare","Penumbra","6.37;6.40;6.43;6.42;0.00","1.20;1.20;1.20;1.17;0.00","5.01;5.02;5.05;5.01;0.00","1.09;1.09;1.08;1.03;0.00","","4","3","1","1","7","3","2","3","Medical Devices","10.5%","0.8%","0.4%","2.1%","14.2%","15.7%","3.1%","0.5%","-40.3%","-61.1%","345.4%"
"SYK","Healthcare","Stryker","16.71;16.72;16.73;16.73;0.00","3.48;3.48;3.46;3.46;0.00","14.95;14.95;14.97;14.97;0.00","3.07;3.07;3.00;3.00;0.00","","2","8","2","2","6","3","1","6","Medical Devices","5.3%","-0.3%","-3.9%","4.5%","2.0%","-11.2%","-22.6%","-30.7%","-32.9%","-28.1%","-3.7%"
"TMDX","Healthcare","TransMedics Group","3.94;3.69;3.69;3.69;0.00","0.83;0.85;0.85;0.85;0.00","2.96;2.91;2.91;2.91;0.00","0.71;0.70;0.70;0.70;0.00","","2","4","1","1","7","3","2","7","Medical Devices","8.1%","-6.1%","-8.8%","-1.3%","-3.4%","20.0%","79.7%","19.0%","-13.1%","219.9%","- "
"Summary"," "," "," "," "," "," "," ","3","5","2","2","7","3","2","6"," ","15.1%","-1.1%","-2.6%","8.5%","9.6%","9.8%","10.3%","-2.8%","-40.6%","4.7%","133.6%"
"Metal Fabrication (1 Stock)"
"CRS","Industrials","Carpenter Technology","11.18;11.33;11.33;11.33;0.00","2.88;2.88;2.91;2.89;0.00","10.05;10.12;10.14;10.14;0.00","2.55;2.56;2.55;2.56;0.00","","7","7","1","1","9","6","3","3","Metal Fabrication","24.6%","-0.7%","-0.7%","8.8%","27.7%","52.1%","89.9%","463.6%","618.0%","803.6%","1051.0%"
"Summary"," "," "," "," "," "," "," ","7","7","1","1","9","6","3","3"," ","24.6%","-0.7%","-0.7%","8.8%","27.7%","52.1%","89.9%","463.6%","618.0%","803.6%","1051.0%"
"Oil & Gas Integrated (2 Stocks)"
"XOM","Energy","Exxon Mobil","8.81;8.63;8.18;8.36;0.00","1.86;1.77;1.68;1.68;0.00","7.45;7.18;6.87;6.94;0.00","1.70;1.66;1.50;1.51;0.00","","7","5","2","4","9","8","4","2","Oil & Gas Integrated","28.0%","1.6%","1.2%","4.9%","32.2%","36.0%","26.5%","16.1%","-26.1%","112.6%","-113.9%"
"CVX","Energy","Chevron","10.05;9.84;8.94;9.16;0.00","1.93;1.89;1.65;1.66;0.00","7.84;7.53;6.72;6.79;0.00","1.82;1.80;1.50;1.50;0.00","","7","3","3","5","8","8","4","2","Oil & Gas Integrated","27.4%","1.4%","3.7%","8.8%","29.5%","21.6%","10.9%","4.3%","-43.4%","26.6%","-67.5%"
"Summary"," "," "," "," "," "," "," ","7","4","3","5","9","8","4","2"," ","27.7%","1.5%","2.4%","6.9%","30.8%","28.8%","18.7%","10.2%","-34.8%","69.6%","-90.7%"
"Oil & Gas Midstream (3 Stocks)"
"LNG","Energy","Cheniere Energy","14.71;14.71;14.65;14.65;0.00","3.02;3.02;2.96;2.84;0.00","14.35;14.35;14.31;14.31;0.00","3.58;3.58;3.48;3.44;0.00","","5","1","2","1","6","5","3","5","Oil & Gas Midstream","33.1%","3.6%","10.3%","22.5%","26.0%","4.2%","0.8%","34.0%","-5.3%","179.5%","303.9%"
"DTM","Energy","DT Midstream","5.31;5.31;5.31;5.18;0.00","1.12;1.12;1.11;1.17;0.00","4.81;4.83;4.80;4.81;0.00","1.13;1.13;1.12;1.19;0.00","","5","2","2","2","9","6","1","2","Oil & Gas Midstream","19.8%","1.2%","4.0%","12.9%","18.9%","31.8%","44.0%","125.4%","142.8%","- ","- "
"TRGP","Energy","Targa Resources","10.93;10.98;10.61;11.05;0.00","2.22;2.22;2.18;2.18;0.00","9.88;9.75;9.83;10.17;0.00","2.38;2.38;2.33;2.33;0.00","","6","7","3","1","6","7","4","5","Oil & Gas Midstream","30.8%","0.6%","2.6%","15.0%","33.5%","43.2%","14.6%","102.2%","150.4%","571.6%","868.5%"
"Summary"," "," "," "," "," "," "," ","5","3","2","1","7","6","3","4"," ","27.9%","1.8%","5.6%","16.8%","26.1%","26.4%","19.8%","87.2%","95.9%","375.5%","586.2%"
"Oil & Gas E&P (3 Stocks)"
"FANG","Energy","Diamondback Energy","14.63;14.29;12.98;12.89;0.00","2.75;2.73;2.37;2.24;0.00","11.69;11.46;9.99;9.91;0.00","2.72;2.69;2.32;2.30;0.00","","4","1","4","4","5","5","2","5","Oil & Gas E&P","22.4%","2.2%","6.4%","11.6%","16.1%","27.3%","13.7%","-29.4%","-32.7%","73.7%","-88.8%"
"EOG","Energy","EOG Resources","12.63;12.20;11.41;11.13;0.00","2.48;2.40;2.23;2.20;0.00","10.74;10.31;9.58;9.49;0.00","2.54;2.46;2.30;2.30;0.00","","3","3","1","2","5","3","3","5","Oil & Gas E&P","27.9%","1.6%","7.9%","18.4%","19.9%","9.0%","-7.3%","-15.0%","-51.4%","37.0%","-146.6%"
"EXE","Energy","Expand Energy","10.63;10.52;9.90;9.26;0.00","1.72;1.77;1.51;1.39;0.00","9.40;9.57;8.75;8.67;0.00","2.69;2.71;2.70;2.99;0.00","","3","7","3","3","4","3","3","4","Oil & Gas E&P","-1.1%","1.5%","1.5%","0.1%","-11.0%","8.4%","-3.7%","2.7%","-25.8%","111.5%","- "
"Summary"," "," "," "," "," "," "," ","3","4","3","3","5","4","3","5"," ","16.4%","1.8%","5.3%","10.0%","8.3%","14.9%","0.9%","-13.9%","-36.6%","74.0%","-117.7%"
"Oil & Gas Refining & Marketing (3 Stocks)"
"MPC","Energy","Marathon Petroleum","14.57;14.30;13.40;13.79;0.00","5.20;4.84;4.69;4.91;0.00","14.99;14.18;13.05;13.21;0.00","3.08;2.69;1.99;1.28;0.00","","4","2","5","2","7","6","6","8","Oil & Gas Refining & Marketing","38.3%","3.1%","13.7%","12.3%","18.3%","19.4%","45.5%","-3.5%","5.7%","249.2%","416.0%"
"PSX","Energy","Phillips 66","12.65;12.27;12.56;12.48;0.00","3.68;3.55;3.46;3.44;0.00","11.84;11.63;11.04;10.99;0.00","2.45;2.33;1.89;1.62;0.00","","5","1","3","2","7","7","7","4","Oil & Gas Refining & Marketing","31.2%","1.0%","9.6%","8.8%","21.7%","23.7%","21.3%","-14.0%","4.4%","42.3%","-115.9%"
"VLO","Energy","Valero Energy","13.36;13.01;12.56;12.84;0.00","4.32;4.17;3.96;4.10;0.00","12.85;12.59;12.09;12.37;0.00","2.83;2.64;1.57;1.63;0.00","","4","1","5","3","8","6","5","3","Oil & Gas Refining & Marketing","40.4%","-0.2%","11.8%","13.6%","31.4%","40.5%","64.7%","29.5%","2.9%","149.9%","124.7%"
"Summary"," "," "," "," "," "," "," ","4","1","4","2","7","6","6","5"," ","36.6%","1.3%","11.7%","11.6%","23.8%","27.9%","43.8%","4.0%","4.3%","147.1%","141.6%"
"Packaged Foods (3 Stocks)"
"INGR","Consumer Defensive","Ingredion","11.93;11.93;11.90;11.85;0.00","2.97;2.97;2.97;2.96;0.00","11.54;11.54;11.53;11.39;0.00","2.80;2.80;2.80;2.78;0.00","","1","5","2","2","6","3","4","4","Packaged Foods","6.5%","3.1%","-0.2%","-1.6%","8.4%","-13.9%","-28.9%","-31.4%","-47.2%","-43.8%","-258.6%"
"POST","Consumer Defensive","Post Holdings","8.85;8.25;8.26;8.45;0.00","1.93;1.78;1.77;1.80;0.00","7.67;6.94;6.94;7.07;0.00","1.90;1.74;1.73;1.76;0.00","","3","6","6","5","4","3","6","8","Packaged Foods","8.1%","1.3%","1.3%","-5.1%","11.6%","-7.1%","-26.5%","-33.8%","-55.6%","-32.2%","-173.1%"
"SJM","Consumer Defensive","JM Smucker","7.78;8.00;8.04;7.97;0.00","2.23;2.23;2.22;2.23;0.00","9.00;8.99;8.99;8.98;0.00","2.73;2.73;2.72;2.73;0.00","","5","9","8","8","6","4","9","7","Packaged Foods","16.4%","1.2%","-2.1%","5.3%","13.8%","-3.7%","-15.1%","-35.3%","-90.7%","-76.9%","-279.4%"
"Summary"," "," "," "," "," "," "," ","3","7","5","5","5","3","6","6"," ","10.3%","1.9%","-0.3%","-0.5%","11.3%","-8.2%","-23.5%","-33.5%","-64.5%","-51.0%","-237.0%"
"Railroads (3 Stocks)"
"UNP","Industrials","Union Pacific","13.73;13.68;13.59;13.57;0.00","3.22;3.18;3.12;3.12;0.00","12.63;12.57;12.40;12.39;0.00","2.92;2.89;2.81;2.81;0.00","","3","2","1","1","9","4","4","8","Railroads","12.0%","-1.0%","-2.1%","3.9%","10.2%","12.0%","-12.8%","-29.3%","-42.9%","-52.4%","-3.7%"
"NSC","Industrials","Norfolk Southern","14.52;14.41;13.66;13.56;0.00","3.45;3.38;3.16;3.17;0.00","13.13;13.04;12.22;12.12;0.00","2.95;2.90;2.63;2.63;0.00","","3","2","3","1","9","5","6","6","Railroads","6.9%","-1.3%","-1.8%","1.6%","5.0%","5.5%","10.9%","-11.1%","-27.5%","-56.7%","83.2%"
"WAB","Industrials","Westinghouse Air Brake","11.38;11.41;11.54;11.79;0.00","2.57;2.58;2.60;2.63;0.00","10.16;10.18;10.22;10.38;0.00","2.49;2.50;2.49;2.51;0.00","","4","8","3","3","7","4","1","3","Railroads","16.3%","-1.4%","-5.3%","2.2%","15.6%","22.4%","19.6%","39.5%","59.2%","149.5%","-52.3%"
"Summary"," "," "," "," "," "," "," ","3","4","2","2","8","4","4","6"," ","11.7%","-1.2%","-3.0%","2.6%","10.2%","13.3%","5.9%","-0.3%","-3.7%","13.5%","9.1%"
"REIT - Healthcare Facilities (1 Stock)"
"WELL","Real Estate","Welltower","2.88;2.88;2.88;3.31;0.00","0.00;0.00;0.00;0.60;0.00","2.43;2.43;2.18;2.46;0.00","0.00;0.00;0.00;0.50;0.00","","8","2","6","3","9","9","1","1","REIT - Healthcare Facilities","12.0%","1.0%","0.7%","7.4%","2.0%","18.1%","20.6%","95.1%","117.1%","142.5%","49.6%"
"Summary"," "," "," "," "," "," "," ","8","2","6","3","9","9","1","1"," ","12.0%","1.0%","0.7%","7.4%","2.0%","18.1%","20.6%","95.1%","117.1%","142.5%","49.6%"
"REIT - Specialty (4 Stocks)"
"AMT","Real Estate","American Tower","7.39;7.36;7.30;7.07;0.00","1.67;1.69;1.71;1.61;0.00","6.98;6.94;6.94;6.47;0.00","1.62;1.65;1.68;1.57;0.00","","5","9","3","2","7","5","4","5","REIT - Specialty","9.0%","1.8%","0.3%","12.9%","8.1%","-7.7%","-24.5%","-37.3%","-68.1%","-78.8%","-146.8%"
"SBAC","Real Estate","SBA Communications","8.44;8.43;8.37;8.37;0.00","2.12;2.12;2.03;2.03;0.00","8.82;8.82;8.60;8.60;0.00","2.12;2.12;2.05;2.05;0.00","","4","10","2","4","6","4","5","6","REIT - Specialty","3.2%","1.8%","-0.3%","11.5%","5.3%","-4.6%","-27.1%","-41.1%","-92.3%","-100.9%","-177.6%"
"EQIX","Real Estate","Equinix","16.96;16.96;17.18;17.61;0.00","3.77;3.77;3.77;4.16;0.00","15.20;15.25;15.33;16.73;0.00","3.56;3.56;3.56;4.50;0.00","","7","6","5","3","9","8","1","4","REIT - Specialty","24.5%","-0.3%","-1.8%","13.9%","28.7%","18.0%","-8.8%","-27.4%","-30.5%","-18.8%","-28.7%"
"DLR","Real Estate","Digital Realty Trust","3.44;3.44;3.12;3.41;0.00","0.36;0.36;0.38;0.43;0.00","3.12;3.12;2.81;3.61;0.00","0.34;0.35;0.37;0.44;0.00","","6","1","4","5","9","6","3","3","REIT - Specialty","15.4%","-0.6%","1.5%","5.4%","9.4%","5.0%","3.5%","-10.3%","12.2%","-29.3%","-93.1%"
"Summary"," "," "," "," "," "," "," ","6","7","4","4","8","6","3","5"," ","13.0%","0.7%","-0.1%","10.9%","12.9%","2.6%","-14.2%","-29.0%","-44.7%","-56.9%","-111.5%"
"REIT - Industrial (3 Stocks)"
"PSA","Real Estate","Public Storage","10.87;10.87;10.58;10.52;0.00","2.65;2.65;2.58;2.56;0.00","10.29;10.29;10.08;10.13;0.00","2.45;2.45;2.42;2.42;0.00","","5","7","3","1","9","8","6","6","REIT - Industrial","20.3%","1.7%","2.4%","10.1%","16.1%","1.1%","-14.7%","-17.6%","-59.2%","-25.5%","-214.8%"
"EXR","Real Estate","Extra Space Storage","5.10;5.08;4.95;4.93;0.00","1.20;1.19;1.16;1.18;0.00","4.85;4.81;4.72;4.79;0.00","1.14;1.12;1.09;1.13;0.00","","3","8","7","3","7","6","3","5","REIT - Industrial","14.1%","0.7%","-0.9%","7.5%","16.2%","-2.7%","-19.9%","-24.4%","-73.4%","-44.6%","-144.5%"
"PLD","Real Estate","Prologis","3.32;3.21;3.30;3.35;0.00","0.69;0.69;0.72;0.77;0.00","2.94;2.88;2.91;2.99;0.00","0.65;0.65;0.67;0.75;0.00","","6","7","5","4","10","8","6","3","REIT - Industrial","6.9%","-1.1%","-3.6%","1.0%","7.6%","15.8%","-3.0%","-27.2%","-56.9%","-29.0%","34.1%"
"Summary"," "," "," "," "," "," "," ","5","7","5","3","9","7","5","5"," ","13.8%","0.5%","-0.7%","6.2%","13.3%","4.7%","-12.5%","-23.1%","-63.2%","-33.0%","-108.4%"
"REIT - Residential (5 Stocks)"
"SUI","Real Estate","Sun Communities","3.00;3.00;3.01;3.01;0.00","0.45;0.45;0.45;0.45;0.00","2.77;2.77;2.78;2.78;0.00","0.34;0.34;0.34;0.34;0.00","","7","1","2","1","9","7","7","1","REIT - Residential","11.9%","1.3%","2.2%","11.5%","9.1%","2.5%","-7.8%","-21.0%","-67.1%","-75.4%","-123.0%"
"AVB","Real Estate","AvalonBay Communities","5.67;5.68;5.49;5.22;0.00","1.40;1.38;1.31;1.19;0.00","5.21;5.19;5.13;4.95;0.00","1.33;1.28;1.27;1.21;0.00","","3","4","3","2","9","6","5","3","REIT - Residential","-0.3%","0.6%","2.4%","5.1%","2.5%","-11.8%","-34.5%","-31.9%","-60.0%","-69.5%","-259.8%"
"ESS","Real Estate","Essex Property Trust","6.38;6.38;6.34;6.37;0.00","1.53;1.53;1.53;1.53;0.00","5.97;5.97;5.95;5.92;0.00","1.47;1.47;1.46;1.43;0.00","","3","9","3","2","9","6","5","7","REIT - Residential","0.0%","0.1%","2.0%","1.6%","2.5%","-7.5%","-31.0%","-22.2%","-51.2%","-73.1%","-238.8%"
"MAA","Real Estate","Mid-America Apartment","4.23;4.23;3.95;3.95;0.00","0.88;0.88;0.83;0.82;0.00","3.53;3.55;3.40;3.33;0.00","0.89;0.89;0.86;0.83;0.00","","4","10","5","2","8","7","5","4","REIT - Residential","-1.8%","0.1%","1.2%","3.3%","3.6%","-11.2%","-35.8%","-24.2%","-79.2%","-69.6%","-196.0%"
"CPT","Real Estate","Camden Prop Trust","1.97;1.97;1.97;1.74;0.00","0.35;0.32;0.32;0.00;0.00","1.34;1.25;1.25;1.11;0.00","0.34;0.30;0.30;0.26;0.00","","5","10","3","2","8","8","4","4","REIT - Residential","-1.7%","-0.6%","0.4%","2.7%","5.2%","-7.0%","-28.0%","-18.4%","-71.2%","-65.3%","-199.2%"
"Summary"," "," "," "," "," "," "," ","4","7","3","2","9","7","5","4"," ","1.6%","0.3%","1.6%","4.8%","4.6%","-7.0%","-27.4%","-23.5%","-65.8%","-70.6%","-203.4%"
"REIT - Retail (1 Stock)"
"SPG","Real Estate","Simon Property Group","6.97;7.03;7.03;7.09;0.00","1.66;1.68;1.68;1.66;0.00","6.82;6.88;6.88;6.73;0.00","1.53;1.55;1.55;1.57;0.00","","4","9","1","1","9","8","2","8","REIT - Retail","6.8%","-1.8%","-2.4%","0.4%","9.6%","4.9%","-1.5%","6.0%","11.8%","40.6%","-235.9%"
"Summary"," "," "," "," "," "," "," ","4","9","1","1","9","8","2","8"," ","6.8%","-1.8%","-2.4%","0.4%","9.6%","4.9%","-1.5%","6.0%","11.8%","40.6%","-235.9%"
"Resorts & Casinos (1 Stock)"
"MTN","Consumer Cyclical","Vail Resorts","7.84;7.89;7.92;7.91;0.00","10.33;10.67;10.76;10.75;0.00","6.87;7.00;6.83;6.75;0.00","6.69;6.71;6.63;6.32;0.00","","1","3","4","2","7","6","4","9","Resorts & Casinos","6.0%","0.3%","4.2%","2.9%","-0.7%","-14.0%","-25.2%","-67.9%","-105.8%","-134.1%","-254.9%"
"Summary"," "," "," "," "," "," "," ","1","3","4","2","7","6","4","9"," ","6.0%","0.3%","4.2%","2.9%","-0.7%","-14.0%","-25.2%","-67.9%","-105.8%","-134.1%","-254.9%"
"Restaurants (5 Stocks)"
"DPZ","Consumer Cyclical","Domino's Pizza","21.23;21.24;21.39;21.64;0.00","4.48;4.48;4.44;4.47;0.00","19.58;19.59;19.60;19.87;0.00","4.34;4.34;4.34;4.33;0.00","","3","2","2","4","8","5","3","10","Restaurants","-0.5%","2.8%","3.5%","6.2%","0.1%","-15.8%","-32.4%","-41.3%","-38.4%","-56.2%","-54.9%"
"YUM","Consumer Cyclical","Yum Brands","7.44;7.44;7.47;7.46;0.00","1.57;1.58;1.58;1.59;0.00","6.67;6.66;6.68;6.66;0.00","1.39;1.39;1.39;1.38;0.00","","4","7","1","4","9","6","2","8","Restaurants","7.8%","2.2%","-2.8%","1.4%","12.5%","7.1%","-16.4%","-16.1%","-42.1%","-19.7%","-52.1%"
"MCD","Consumer Cyclical","McDonald's","14.36;14.37;14.43;14.32;0.00","3.46;3.47;3.47;3.43;0.00","13.22;13.23;13.27;13.20;0.00","2.85;2.85;2.86;2.76;0.00","","4","5","1","6","9","6","3","8","Restaurants","9.5%","1.5%","-1.3%","3.6%","7.6%","1.0%","-10.7%","-17.9%","-43.3%","-10.7%","-41.5%"
"DRI","Consumer Cyclical","Darden Restaurants","11.39;11.38;11.39;11.40;0.00","3.54;3.53;3.58;3.58;0.00","10.62;10.60;10.58;10.58;0.00","3.00;2.99;2.95;2.95;0.00","","3","4","3","1","7","6","4","7","Restaurants","12.8%","-0.1%","-3.0%","-3.3%","16.8%","-6.4%","-10.0%","-12.1%","-22.1%","-18.1%","19.0%"
"WING","Consumer Cyclical","Wingstop","6.22;6.17;6.11;5.95;0.00","1.19;1.18;1.17;1.13;0.00","4.83;4.81;4.77;4.69;0.00","1.12;1.11;1.12;1.07;0.00","","6","10","1","4","9","7","1","10","Restaurants","-2.2%","-1.6%","-9.6%","-10.3%","-9.3%","-30.4%","-13.3%","-72.7%","-39.0%","13.2%","833.0%"
"Summary"," "," "," "," "," "," "," ","4","6","2","4","8","6","3","9"," ","5.5%","0.9%","-2.6%","-0.5%","5.5%","-8.9%","-16.6%","-32.0%","-37.0%","-18.3%","140.7%"
"Scientific & Technical Instruments (3 Stocks)"
"GRMN","Technology","Garmin","9.45;9.45;9.45;9.45;0.00","2.23;2.21;2.21;2.21;0.00","8.77;8.72;8.72;8.72;0.00","1.72;1.72;1.72;1.72;0.00","","2","7","3","1","7","4","1","1","Scientific & Technical Instruments","21.6%","2.7%","-1.7%","23.1%","21.7%","-1.2%","-7.3%","44.6%","89.7%","33.7%","390.4%"
"KEYS","Technology","Keysight Techs","9.23;9.27;9.28;9.29;0.00","1.99;1.99;2.00;2.00;0.00","8.12;8.10;8.10;8.11;0.00","1.90;1.90;1.91;1.91;0.00","","4","2","2","2","7","4","3","6","Scientific & Technical Instruments","35.6%","-2.9%","-9.3%","20.7%","31.0%","57.7%","57.5%","38.1%","-2.3%","14.3%","602.9%"
"COHR","Technology","Coherent","6.34;6.34;6.46;7.35;0.00","1.41;1.41;1.43;1.52;0.00","5.06;5.06;5.10;5.35;0.00","1.31;1.31;1.32;1.39;0.00","","5","7","6","6","7","6","1","6","Scientific & Technical Instruments","29.3%","-5.8%","-6.9%","6.3%","31.3%","136.3%","243.6%","228.9%","377.9%","128.0%","708.2%"
"Summary"," "," "," "," "," "," "," ","4","5","4","3","7","5","2","4"," ","28.8%","-2.0%","-6.0%","16.7%","28.0%","64.3%","97.9%","103.8%","155.1%","58.6%","567.2%"
"Semiconductors (7 Stocks)"
"SLAB","Technology","Silicon Laboratories","4.03;4.03;4.03;4.03;0.00","0.66;0.66;0.66;0.66;0.00","2.69;2.69;2.69;2.71;0.00","0.50;0.50;0.50;0.50;0.00","","6","3","6","7","6","5","8","2","Semiconductors","56.6%","1.0%","1.1%","0.9%","44.8%","45.0%","31.2%","2.4%","-58.6%","-49.1%","56.0%"
"AVGO","Technology","Broadcom","12.71;14.00;14.36;14.52;0.00","2.55;2.78;2.84;2.87;0.00","9.33;10.11;10.30;10.32;0.00","2.03;2.13;2.15;2.16;0.00","","5","1","2","2","8","4","1","7","Semiconductors","-3.0%","0.6%","5.4%","2.0%","-13.5%","-5.5%","67.0%","115.0%","372.9%","628.1%","2520.8%"
"NVDA","Technology","NVIDIA","9.54;9.70;9.90;10.63;0.00","1.79;1.80;1.81;1.85;0.00","7.49;7.57;7.66;8.23;0.00","1.64;1.65;1.65;1.68;0.00","","4","2","1","1","8","3","1","3","Semiconductors","-3.1%","-1.7%","2.4%","-1.3%","-0.9%","1.9%","42.0%","65.3%","582.5%","1243.0%","21916.9%"
"AMD","Technology","Advanced Micro Devices","10.12;10.19;10.31;10.65;0.00","1.35;1.35;1.37;1.42;0.00","6.44;6.46;6.61;6.62;0.00","1.20;1.20;1.22;1.27;0.00","","5","4","3","3","7","3","1","3","Semiconductors","-8.6%","-2.2%","-1.9%","-4.9%","-10.1%","22.7%","75.8%","-43.9%","63.9%","57.1%","7721.5%"
"TSM","Technology","Taiwan Semiconductor","15.63;15.63;16.45;18.00;0.00","2.98;2.98;3.19;3.45;0.00","12.66;12.74;13.26;14.31;0.00","2.73;2.75;2.94;3.29;0.00","","3","8","1","1","8","4","1","5","Semiconductors","13.1%","-2.9%","-7.5%","-0.1%","16.9%","35.4%","76.4%","110.7%","223.0%","116.8%","1386.6%"
"CRDO","Technology","Credo Technology Group","3.64;3.73;3.80;4.40;0.00","0.82;0.84;0.86;1.02;0.00","2.78;2.78;2.79;3.12;0.00","0.81;0.81;0.82;0.98;0.00","","6","4","3","2","8","4","1","1","Semiconductors","-22.1%","-2.9%","-0.1%","1.4%","-36.0%","-26.6%","142.2%","368.5%","908.9%","- ","- "
"MU","Technology","Micron Technology","20.43;39.37;43.54;44.55;0.00","4.49;9.10;9.47;9.77;0.00","17.05;32.21;33.22;33.92;0.00","3.95;8.04;8.06;8.47;0.00","","5","3","1","2","7","5","1","4","Semiconductors","31.3%","-5.4%","-8.2%","-3.4%","57.8%","177.6%","297.3%","255.1%","487.9%","238.8%","2796.7%"
"Summary"," "," "," "," "," "," "," ","5","4","2","3","7","4","2","4"," ","9.2%","-1.9%","-1.3%","-0.8%","8.4%","35.8%","104.6%","124.7%","368.6%","372.4%","6066.4%"
"Semiconductor Equipment & Materials (2 Stocks)"
"AMAT","Technology","Applied Materials","11.30;11.46;11.82;13.64;0.00","2.36;2.38;2.41;2.87;0.00","9.46;9.50;9.63;11.07;0.00","2.25;2.25;2.28;2.68;0.00","","4","8","1","1","7","3","5","6","Semiconductor Equipment & Materials","28.1%","-5.0%","-10.8%","3.6%","22.9%","95.6%","97.4%","20.4%","107.9%","110.7%","1475.7%"
"TER","Technology","Teradyne","6.47;6.52;8.01;8.03;0.00","1.20;1.21;1.93;1.94;0.00","5.11;5.13;6.24;6.27;0.00","1.21;1.21;2.11;2.11;0.00","","5","4","2","3","9","6","5","4","Semiconductor Equipment & Materials","42.7%","-9.3%","-12.7%","-6.2%","37.7%","122.8%","141.2%","122.5%","98.7%","56.6%","1073.9%"
"Summary"," "," "," "," "," "," "," ","5","6","2","2","8","5","5","5"," ","35.4%","-7.1%","-11.7%","-1.3%","30.3%","109.2%","119.3%","71.4%","103.3%","83.6%","1274.8%"
"Software - Application (24 Stocks)"
"GWRE","Technology","Guidewire Software","3.85;3.86;3.86;3.86;0.00","0.68;0.64;0.64;0.64;0.00","2.98;2.95;2.95;2.95;0.00","0.75;0.75;0.77;0.77;0.00","","4","3","3","3","8","5","5","5","Software - Application","-14.4%","6.3%","18.2%","34.5%","-18.2%","-39.8%","-28.5%","11.2%","62.9%","-22.1%","-80.0%"
"MANH","Technology","Manhattan Associates","5.97;5.94;5.89;5.84;0.00","1.38;1.37;1.36;1.31;0.00","5.39;5.36;5.31;5.22;0.00","1.25;1.24;1.12;1.12;0.00","","2","4","2","1","7","4","2","5","Software - Application","-10.5%","5.1%","14.6%","7.9%","-13.5%","-33.7%","-28.6%","-75.4%","-68.7%","-58.8%","-136.9%"
"PCTY","Technology","Paylocity Holding","8.14;8.14;8.16;8.22;0.00","1.61;1.61;1.61;1.62;0.00","7.43;7.43;7.46;7.50;0.00","2.50;2.50;2.51;2.52;0.00","","1","4","3","2","6","3","1","6","Software - Application","-19.7%","4.9%","14.8%","4.7%","-16.4%","-35.7%","-55.9%","-63.1%","-110.4%","-119.3%","-17.4%"
"NOW","Technology","ServiceNow","4.87;4.88;5.01;5.01;0.00","0.95;0.95;0.96;0.96;0.00","4.07;4.08;4.16;4.16;0.00","0.95;0.95;0.97;0.97;0.00","","3","3","1","3","8","4","1","4","Software - Application","-17.3%","4.6%","17.1%","26.2%","-25.6%","-36.5%","-47.1%","-51.4%","-33.8%","-60.3%","664.8%"
"INTU","Technology","Intuit","26.40;26.40;26.45;26.43;0.00","3.15;3.15;3.15;3.15;0.00","23.20;23.20;23.21;23.20;0.00","12.97;12.97;12.98;12.97;0.00","","2","3","1","2","7","3","1","5","Software - Application","-25.7%","4.4%","19.7%","11.2%","-26.8%","-32.8%","-38.9%","-60.3%","-54.3%","-58.0%","126.2%"
"DDOG","Technology","Datadog","2.88;2.88;2.87;2.64;0.00","0.54;0.54;0.54;0.50;0.00","2.34;2.34;2.34;2.17;0.00","0.52;0.52;0.52;0.51;0.00","","5","1","3","4","8","5","1","4","Software - Application","-6.0%","4.1%","14.3%","15.4%","-15.3%","-12.2%","-6.0%","-34.4%","-9.0%","-35.0%","- "
"WDAY","Technology","Workday","13.01;13.04;13.04;12.49;0.00","2.63;2.63;2.63;2.62;0.00","10.71;10.73;10.73;10.52;0.00","2.52;2.53;2.53;2.52;0.00","","2","6","3","3","6","2","1","5","Software - Application","-28.1%","4.0%","14.9%","-4.5%","-29.7%","-39.2%","-59.3%","-78.7%","-93.2%","-124.3%","-191.3%"
"PAYX","Technology","Paychex","5.90;5.91;5.91;5.91;0.00","1.34;1.34;1.33;1.33;0.00","5.46;5.49;5.49;5.49;0.00","1.66;1.67;1.67;1.67;0.00","","1","4","1","1","7","3","2","7","Software - Application","-7.6%","3.8%","9.7%","5.1%","-7.5%","-28.6%","-49.2%","-46.3%","-75.2%","-61.5%","-138.1%"
"TYL","Technology","Tyler Technologies","14.32;14.25;14.34;14.19;0.00","3.18;3.18;3.18;3.19;0.00","12.57;12.53;12.56;12.54;0.00","3.01;3.00;3.01;3.00;0.00","","2","4","2","3","7","4","1","3","Software - Application","-15.9%","3.7%","7.6%","10.3%","-18.6%","-37.7%","-57.1%","-46.1%","-56.2%","-94.6%","-94.7%"
"HUBS","Technology","HubSpot","14.13;14.16;14.09;15.19;0.00","2.68;2.68;2.67;2.86;0.00","11.46;11.47;11.46;12.45;0.00","2.34;2.35;2.35;2.47;0.00","","2","4","3","4","6","4","3","4","Software - Application","-24.6%","3.1%","14.1%","30.3%","-20.3%","-43.8%","-73.4%","-86.7%","-99.2%","-123.3%","280.1%"
"SNOW","Technology","Snowflake","2.27;2.25;2.26;2.37;0.00","0.40;0.40;0.40;0.40;0.00","1.64;1.63;1.63;1.75;0.00","0.34;0.33;0.33;0.34;0.00","","3","2","7","8","8","5","5","7","Software - Application","-16.2%","3.0%","9.2%","9.9%","-19.5%","-24.6%","-3.3%","-27.2%","-46.2%","-112.7%","- "
"ADP","Technology","Automatic Data Processing","11.94;11.95;11.96;11.96;0.00","2.58;2.58;2.57;2.56;0.00","10.91;10.91;10.97;10.97;0.00","3.27;3.27;3.28;3.30;0.00","","1","4","1","2","6","3","2","7","Software - Application","-10.5%","2.9%","7.6%","0.6%","-11.4%","-27.2%","-42.4%","-38.4%","-66.0%","-47.2%","-72.4%"
"SAP","Technology","SAP","10.21;10.21;10.26;10.13;0.00","1.97;1.97;1.98;2.04;0.00","8.44;8.45;8.48;8.59;0.00","1.89;1.90;1.90;1.94;0.00","","2","4","1","2","7","4","2","3","Software - Application","-15.2%","2.7%","2.4%","2.2%","-16.6%","-29.4%","-45.8%","-26.9%","2.3%","-10.4%","-92.4%"
"PAYC","Technology","Paycom Software","11.26;11.23;11.18;11.30;0.00","2.24;2.24;2.23;2.24;0.00","10.08;10.07;10.05;10.23;0.00","2.96;2.97;2.95;2.94;0.00","","1","5","1","2","6","3","1","5","Software - Application","-11.9%","2.3%","11.7%","8.2%","-15.1%","-42.9%","-50.6%","-55.8%","-125.1%","-150.5%","32.5%"
"ADBE","Technology","Adobe","26.12;26.33;26.38;26.40;0.00","5.75;5.68;5.68;5.68;0.00","23.35;23.46;23.46;23.47;0.00","5.67;5.87;5.87;5.87;0.00","","1","4","1","1","6","2","1","6","Software - Application","-17.4%","2.0%","10.1%","8.5%","-16.5%","-23.3%","-55.1%","-83.1%","-91.5%","-123.6%","-68.8%"
"ROP","Technology","Roper Technologies","23.55;23.55;23.67;23.45;0.00","5.34;5.34;5.34;5.35;0.00","21.62;21.62;21.67;21.61;0.00","5.17;5.18;5.18;5.18;0.00","","1","4","2","3","6","2","1","5","Software - Application","-15.7%","1.7%","7.1%","4.2%","-16.1%","-33.4%","-55.9%","-66.4%","-86.0%","-87.6%","-171.8%"
"CRM","Technology","Salesforce","14.89;15.01;14.98;14.91;0.00","3.24;3.25;3.24;3.24;0.00","13.02;13.13;13.12;13.21;0.00","3.01;3.01;3.01;3.12;0.00","","2","4","3","3","6","2","1","5","Software - Application","-22.2%","1.7%","5.8%","8.4%","-20.7%","-23.7%","-47.7%","-68.0%","-61.9%","-90.9%","-110.0%"
"NICE","Technology","NICE","12.54;12.54;12.47;12.46;0.00","2.67;2.67;2.67;2.66;0.00","10.99;10.99;10.98;10.95;0.00","2.62;2.62;2.62;2.61;0.00","","1","3","3","2","5","2","2","2","Software - Application","14.4%","0.9%","11.7%","16.8%","21.7%","-13.8%","-31.9%","-81.5%","-113.1%","-130.4%","-190.6%"
"PTC","Technology","PTC","8.68;8.68;8.66;8.71;0.00","1.85;1.84;1.83;1.76;0.00","7.84;7.84;7.84;8.12;0.00","1.98;1.97;1.97;2.19;0.00","","2","3","1","2","7","3","1","5","Software - Application","-5.1%","0.4%","5.9%","7.3%","-4.6%","-28.5%","-17.5%","-46.3%","-42.7%","-58.3%","107.7%"
"CDNS","Technology","Cadence Design Systems","9.29;9.23;9.23;9.34;0.00","1.92;1.92;1.92;1.83;0.00","5.41;5.35;5.35;4.85;0.00","1.81;1.81;1.81;1.89;0.00","","3","3","1","2","8","5","1","5","Software - Application","-3.5%","0.4%","0.5%","7.5%","-10.4%","-20.0%","3.3%","-40.3%","-22.8%","46.4%","933.6%"
"CVLT","Technology","CommVault Systems","4.52;4.53;4.53;4.53;0.00","1.02;1.02;1.02;1.02;0.00","3.91;3.91;3.91;3.91;0.00","1.00;1.00;1.00;1.00;0.00","","3","5","3","2","5","3","1","8","Software - Application","-29.0%","0.2%","4.3%","3.9%","-26.5%","-56.0%","-63.7%","-47.8%","-25.2%","-48.2%","-172.7%"
"ADSK","Technology","Autodesk","13.27;13.36;13.49;13.47;0.00","2.87;2.87;2.87;2.85;0.00","11.56;11.59;11.64;11.65;0.00","2.59;2.59;2.59;2.60;0.00","","2","2","3","1","7","4","1","7","Software - Application","-10.3%","0.1%","8.2%","11.3%","-13.3%","-24.6%","-18.6%","-31.4%","-47.9%","-90.4%","66.1%"
"SHOP","Technology","Shopify","1.90;1.94;1.90;1.90;0.00","0.33;0.34;0.32;0.32;0.00","1.52;1.53;1.50;1.49;0.00","0.28;0.28;0.26;0.26;0.00","","5","3","4","3","8","5","1","1","Software - Application","-17.6%","-2.1%","9.9%","19.0%","-17.6%","-15.9%","8.2%","40.6%","126.2%","-72.9%","4777.0%"
"MSTR","Technology","Strategy","51.41;51.41;43.12;43.12;0.00","3.65;4.90;11.16;24.40;0.00","31.04;41.90;62.06;72.17;0.00","1.39;1.88;14.63;-15.66;0.00","","10","6","5","6","9","9","9","3","Software - Application","-10.6%","-3.2%","5.1%","1.7%","-23.8%","-64.8%","-74.9%","-28.2%","389.1%","27.3%","392.3%"
"Summary"," "," "," "," "," "," "," ","3","4","2","3","7","4","2","5"," ","-14.2%","2.4%","10.2%","10.4%","-15.9%","-32.0%","-39.2%","-47.2%","-31.2%","-71.1%","265.6%"
"Software - Infrastructure (15 Stocks)"
"PLTR","Technology","Palantir Technologies","1.42;1.42;1.41;1.83;0.00","0.23;0.23;0.23;0.30;0.00","1.01;1.01;1.01;1.32;0.00","0.21;0.21;0.21;0.28;0.00","","4","2","2","1","8","5","2","2","Software - Infrastructure","-10.0%","4.3%","16.6%","18.4%","-11.9%","-1.9%","76.5%","465.5%","1724.9%","468.2%","- "
"VRSN","Technology","VeriSign","10.13;10.13;10.13;10.12;0.00","2.34;2.34;2.34;2.31;0.00","9.67;9.49;9.53;9.31;0.00","2.28;2.28;2.28;2.24;0.00","","2","3","5","3","7","3","2","9","Software - Infrastructure","2.3%","3.5%","9.0%","11.9%","-0.3%","-17.0%","-16.0%","-6.3%","-49.7%","-60.6%","-121.0%"
"TWLO","Technology","Twilio","6.35;6.36;6.31;6.39;0.00","1.30;1.30;1.30;1.29;0.00","5.43;5.46;5.45;5.42;0.00","1.24;1.24;1.24;1.27;0.00","","2","2","5","4","5","3","4","3","Software - Infrastructure","-8.4%","3.4%","7.9%","14.1%","2.2%","13.2%","-1.2%","83.3%","0.1%","-150.0%","- "
"NET","Technology","Cloudflare","1.51;1.51;1.51;1.44;0.00","0.28;0.28;0.28;0.27;0.00","1.18;1.18;1.18;1.13;0.00","0.25;0.25;0.26;0.23;0.00","","3","1","5","6","8","5","3","7","Software - Infrastructure","0.6%","2.8%","15.4%","15.5%","-1.3%","-13.6%","30.1%","64.9%","151.6%","103.2%","- "
"ZS","Technology","Zscaler","4.48;4.49;4.49;4.55;0.00","1.01;1.01;1.01;1.03;0.00","3.82;3.82;3.82;4.03;0.00","0.95;0.95;0.95;1.01;0.00","","3","1","4","6","7","4","3","5","Software - Infrastructure","-25.5%","2.6%","13.6%","0.8%","-30.8%","-44.7%","-37.7%","-54.3%","-36.3%","-94.4%","- "
"PANW","Technology","Palo Alto Networks","2.37;2.37;2.37;2.24;0.00","0.57;0.57;0.57;0.52;0.00","3.85;3.85;3.85;3.70;0.00","0.92;0.92;0.92;0.80;0.00","","3","1","2","2","7","4","1","4","Software - Infrastructure","-8.9%","2.5%","12.9%","6.4%","-15.4%","-19.7%","-26.8%","-16.9%","2.5%","107.9%","258.0%"
"FFIV","Technology","F5","16.20;16.20;16.20;16.30;0.00","3.84;3.84;3.84;3.88;0.00","15.03;15.03;15.03;15.13;0.00","3.38;3.38;3.38;3.39;0.00","","1","1","2","1","6","3","2","3","Software - Infrastructure","13.7%","2.2%","7.5%","6.3%","17.0%","-14.0%","-15.0%","14.9%","23.9%","-37.7%","-111.1%"
"GDDY","Technology","GoDaddy","8.85;8.91;8.82;8.82;0.00","1.71;1.71;1.71;1.71;0.00","7.20;7.16;7.19;7.19;0.00","1.58;1.58;1.58;1.58;0.00","","1","6","1","1","4","1","2","8","Software - Infrastructure","-22.7%","2.2%","9.8%","-0.6%","-25.3%","-39.9%","-64.2%","-49.6%","-49.4%","-63.9%","-104.6%"
"CRWD","Technology","CrowdStrike Holdings","6.18;6.18;6.18;6.17;0.00","1.16;1.16;1.16;1.16;0.00","4.83;4.83;4.83;4.84;0.00","1.06;1.07;1.06;1.07;0.00","","4","1","4","6","8","4","3","4","Software - Infrastructure","-6.9%","2.0%","17.3%","11.2%","-14.6%","-1.9%","4.5%","-5.1%","163.0%","46.3%","- "
"CHKP","Technology","Check Point Software","11.68;11.72;11.70;11.54;0.00","2.53;2.53;2.52;2.54;0.00","10.55;10.56;10.49;10.45;0.00","2.38;2.37;2.37;2.40;0.00","","1","2","1","1","6","2","2","2","Software - Infrastructure","-9.4%","1.8%","10.7%","-5.9%","-12.8%","-19.0%","-44.9%","-30.6%","-42.7%","-43.4%","-202.0%"
"MSFT","Technology","Microsoft","18.53;18.54;19.04;19.02;0.00","4.17;4.18;4.17;4.26;0.00","15.63;15.68;17.20;17.20;0.00","3.90;3.91;3.90;4.09;0.00","","2","3","1","1","7","4","1","4","Software - Infrastructure","-13.7%","0.9%","6.2%","5.0%","-13.6%","-21.6%","-15.0%","-32.0%","-10.2%","-4.0%","495.4%"
"NTAP","Technology","NetApp","8.55;8.55;8.53;8.44;0.00","1.86;1.86;1.87;1.86;0.00","7.89;7.90;7.91;7.90;0.00","2.25;2.25;2.24;2.24;0.00","","1","1","1","1","5","2","2","7","Software - Infrastructure","-3.6%","0.3%","4.1%","0.6%","-11.8%","-18.7%","-6.5%","-35.1%","-8.2%","-2.5%","102.4%"
"SNPS","Technology","Synopsys","17.39;16.93;16.89;17.00;0.00","3.54;3.72;3.72;3.72;0.00","14.10;14.39;14.38;14.38;0.00","3.16;3.08;3.08;3.08;0.00","","3","3","2","4","7","4","1","4","Software - Infrastructure","-5.3%","0.2%","7.7%","5.2%","-4.7%","-31.5%","-20.7%","-59.4%","-54.6%","4.0%","548.4%"
"ORCL","Technology","Oracle","8.00;7.95;7.91;7.92;0.00","2.00;1.97;1.95;1.95;0.00","6.82;7.37;7.37;7.34;0.00","1.71;1.71;1.71;1.71;0.00","","3","3","2","1","6","6","1","8","Software - Infrastructure","-19.8%","0.2%","7.2%","9.9%","-27.9%","-38.6%","-16.5%","3.8%","3.5%","46.1%","71.0%"
"CPAY","Technology","Corpay","28.91;28.90;28.79;28.64;0.00","6.11;6.10;6.06;6.05;0.00","24.92;24.89;24.81;24.73;0.00","5.51;5.48;5.45;5.46;0.00","","1","5","2","2","6","2","1","7","Software - Infrastructure","6.0%","-1.7%","-1.3%","-8.5%","2.8%","-5.3%","-27.1%","-25.1%","-24.8%","-76.6%","-170.1%"
"Summary"," "," "," "," "," "," "," ","2","2","3","3","7","4","2","5"," ","-7.5%","1.8%","9.6%","6.0%","-9.9%","-18.3%","-12.0%","21.2%","119.6%","16.2%","76.6%"
"Specialty Business Services (3 Stocks)"
"TRI","Industrials","Thomson Reuters","4.97;4.97;5.00;5.03;0.00","1.00;1.00;1.00;1.01;0.00","4.45;4.45;4.44;4.41;0.00","1.24;1.24;1.24;1.19;0.00","","6","4","1","2","8","5","5","2","Specialty Business Services","-13.3%","3.2%","17.6%","30.3%","-14.2%","-40.0%","-54.0%","-62.2%","-77.5%","-48.6%","-56.6%"
"CTAS","Industrials","Cintas","5.34;5.40;5.40;5.40;0.00","1.22;1.23;1.23;1.23;0.00","4.88;4.88;4.88;4.87;0.00","1.22;1.23;1.23;1.23;0.00","","5","3","1","1","8","7","2","4","Specialty Business Services","10.1%","0.9%","3.3%","7.0%","10.9%","-4.5%","-16.5%","-3.0%","14.8%","63.3%","640.1%"
"RBA","Industrials","RB Global","5.07;5.11;5.01;4.86;0.00","1.14;1.16;1.16;1.15;0.00","4.35;4.36;4.37;4.35;0.00","1.01;1.02;1.02;0.98;0.00","","5","1","4","5","7","6","1","4","Specialty Business Services","3.1%","-0.7%","5.2%","-8.5%","6.5%","-13.5%","-13.1%","7.2%","9.0%","22.9%","115.8%"
"Summary"," "," "," "," "," "," "," ","5","3","2","3","8","6","3","3"," ","-0.1%","1.1%","8.7%","9.6%","1.0%","-19.3%","-27.8%","-19.4%","-17.9%","12.5%","233.1%"
"Specialty Chemicals (3 Stocks)"
"ALB","Basic Materials","Albemarle","2.77;3.67;5.70;8.69;0.00","0.02;0.33;0.84;1.88;0.00","0.52;1.08;3.34;7.48;0.00","-0.55;-0.32;0.10;1.02;0.00","","5","8","8","8","8","5","7","5","Specialty Chemicals","16.3%","0.3%","-7.1%","2.1%","31.6%","96.1%","97.8%","5.4%","-107.2%","-68.3%","-83.3%"
"LIN","Basic Materials","Linde","19.57;19.55;19.54;19.48;0.00","4.45;4.44;4.45;4.45;0.00","17.85;17.82;17.82;17.83;0.00","4.26;4.25;4.25;4.27;0.00","","4","5","2","2","8","6","2","6","Specialty Chemicals","15.2%","0.2%","-2.6%","10.9%","22.9%","-1.0%","-13.4%","-28.0%","-32.4%","20.9%","129.4%"
"APD","Basic Materials","Air Products","13.95;13.82;13.88;14.02;0.00","3.33;3.34;3.33;3.31;0.00","12.99;12.91;12.96;13.03;0.00","3.02;3.01;3.02;3.05;0.00","","6","5","8","7","8","8","7","8","Specialty Chemicals","12.5%","-0.2%","0.8%","-1.1%","6.8%","-9.4%","-29.0%","-17.3%","-72.9%","-71.2%","-118.7%"
"Summary"," "," "," "," "," "," "," ","5","6","6","6","8","6","5","6"," ","14.7%","0.1%","-3.0%","4.0%","20.4%","28.6%","18.5%","-13.3%","-70.8%","-39.6%","-24.2%"
"Specialty Industrial Machinery (3 Stocks)"
"GTLS","Industrials","Chart Industries","16.30;15.56;14.91;14.36;0.00","3.23;3.11;3.11;3.09;0.00","13.37;12.94;13.09;12.99;0.00","2.51;2.39;2.38;2.47;0.00","","6","2","7","8","5","7","1","9","Specialty Industrial Machinery","2.0%","1.3%","2.0%","2.6%","2.6%","-0.7%","24.9%","11.4%","-33.5%","-47.4%","581.1%"
"GEV","Industrials","GE Vernova","19.11;20.08;22.19;22.47;0.00","3.02;3.01;3.07;3.45;0.00","13.01;13.25;14.59;14.67;0.00","1.99;2.01;2.07;1.96;0.00","","8","7","5","1","9","7","1","6","Specialty Industrial Machinery","22.4%","-1.8%","-7.6%","4.0%","26.7%","31.2%","151.0%","- ","- ","- ","- "
"GNRC","Industrials","Generac Hldgs","9.85;9.88;9.78;10.24;0.00","1.95;1.94;1.91;1.93;0.00","8.24;8.23;8.07;8.43;0.00","1.39;1.37;1.33;1.30;0.00","","5","8","6","6","7","7","4","7","Specialty Industrial Machinery","51.2%","-5.4%","-7.4%","13.9%","27.3%","7.9%","37.0%","48.7%","-10.9%","-121.5%","186.5%"
"Summary"," "," "," "," "," "," "," ","6","6","6","5","7","7","2","7"," ","25.2%","-2.0%","-4.4%","6.9%","18.9%","12.8%","71.0%","30.0%","-22.2%","-84.4%","383.8%"
"Specialty Retail (2 Stocks)"
"DKS","Consumer Cyclical","Dick's Sporting Goods","14.90;14.85;14.83;14.83;0.00","3.00;3.03;3.03;3.03;0.00","14.47;12.96;12.79;12.78;0.00","4.25;4.23;3.08;2.99;0.00","","4","10","3","2","6","7","1","6","Specialty Retail","1.2%","-1.1%","-1.1%","-2.5%","-13.0%","-14.5%","-24.8%","-21.2%","-12.5%","131.8%","195.2%"
"FIVE","Consumer Cyclical","Five Below","5.69;6.26;6.83;6.94;0.00","0.78;0.80;0.92;0.92;0.00","5.14;5.17;5.88;6.35;0.00","3.24;3.25;3.52;4.00;0.00","","6","6","7","2","8","7","1","5","Specialty Retail","15.9%","-1.5%","-1.7%","9.0%","25.9%","35.8%","132.2%","-31.9%","-67.3%","-70.6%","157.4%"
"Summary"," "," "," "," "," "," "," ","5","8","5","2","7","7","1","6"," ","8.5%","-1.3%","-1.4%","3.3%","6.5%","10.7%","53.7%","-26.5%","-39.9%","30.6%","176.3%"
"Steel (1 Stock)"
"STLD","Basic Materials","Steel Dynamics","14.73;14.85;15.57;15.70;0.00","3.15;3.44;3.63;3.69;0.00","13.07;13.22;13.86;13.80;0.00","2.92;3.12;3.19;3.18;0.00","","4","3","3","1","8","5","3","6","Steel","8.7%","-3.1%","-4.0%","-7.5%","11.8%","31.2%","28.2%","8.5%","-29.4%","242.1%","729.6%"
"Summary"," "," "," "," "," "," "," ","4","3","3","1","8","5","3","6"," ","8.7%","-3.1%","-4.0%","-7.5%","11.8%","31.2%","28.2%","8.5%","-29.4%","242.1%","729.6%"
"Telecom Services (2 Stocks)"
"CHTR","Communication Services","Charter Communications","48.81;51.16;53.09;51.11;0.00","10.61;10.61;10.89;10.76;0.00","43.16;43.26;44.07;44.57;0.00","10.01;10.01;10.00;10.19;0.00","","1","7","5","3","2","2","6","8","Telecom Services","12.8%","2.3%","1.0%","3.2%","14.8%","-15.8%","-58.2%","-51.3%","-110.3%","-150.8%","-284.3%"
"TMUS","Communication Services","T-Mobile US","14.85;14.68;14.73;13.81;0.00","2.89;2.87;2.91;2.72;0.00","11.76;11.62;11.62;10.93;0.00","2.68;2.65;2.66;2.07;0.00","","4","9","4","3","8","6","1","6","Telecom Services","11.2%","1.8%","4.1%","15.6%","7.8%","-16.1%","-33.1%","1.2%","-12.9%","-3.2%","200.9%"
"Summary"," "," "," "," "," "," "," ","3","8","5","3","5","4","4","7"," ","12.0%","2.0%","2.5%","9.4%","11.3%","-15.9%","-45.7%","-25.0%","-61.6%","-77.0%","-41.7%"
"Travel Services (2 Stocks)"
"EXPE","Consumer Cyclical","Expedia Group","21.49;21.54;21.71;22.79;0.00","4.71;4.76;4.77;4.99;0.00","17.91;18.04;18.16;19.26;0.00","0.71;0.72;0.72;1.37;0.00","","2","1","2","2","5","3","2","9","Travel Services","-10.2%","0.6%","18.0%","8.4%","-3.4%","12.0%","17.9%","55.0%","59.1%","-36.5%","-155.3%"
"ABNB","Consumer Cyclical","Airbnb","5.70;5.70;5.71;5.75;0.00","1.14;1.14;1.15;1.17;0.00","4.82;4.83;4.84;4.95;0.00","0.28;0.27;0.29;0.31;0.00","","3","2","2","1","9","6","2","3","Travel Services","-0.3%","-0.6%","0.6%","11.8%","8.8%","3.0%","-20.0%","-54.0%","-67.8%","-113.9%","- "
"Summary"," "," "," "," "," "," "," ","3","2","2","2","7","5","2","6"," ","-5.2%","0.0%","9.3%","10.1%","2.7%","7.5%","-1.1%","0.5%","-4.3%","-75.2%","-155.3%"
"Trucking (2 Stocks)"
"ODFL","Industrials","Old Dominion Freight Line","6.07;5.99;5.95;6.01;0.00","1.31;1.32;1.30;1.28;0.00","5.24;5.19;5.08;5.02;0.00","1.08;1.09;1.07;1.03;0.00","","7","9","1","1","9","4","6","2","Trucking","25.4%","-6.6%","-2.3%","-1.3%","26.8%","24.6%","-8.8%","-45.1%","-61.4%","-7.2%","492.0%"
"XPO","Industrials","XPO","5.62;5.61;5.48;5.75;0.00","1.27;1.25;1.19;1.27;0.00","4.51;4.45;4.26;4.46;0.00","0.90;0.87;0.80;0.88;0.00","","8","3","7","2","8","4","5","8","Trucking","40.4%","-7.2%","-8.3%","-4.6%","33.6%","39.5%","51.0%","15.2%","347.1%","278.8%","1839.7%"
"Summary"," "," "," "," "," "," "," ","8","6","4","2","9","4","6","5"," ","32.9%","-6.9%","-5.3%","-2.9%","30.2%","32.0%","21.1%","-14.9%","142.8%","135.8%","1165.8%"
"Utilities - Regulated Electric (4 Stocks)"
"DTE","Utilities","DTE Energy","8.33;8.31;8.31;8.30;0.00","1.52;1.52;1.49;1.48;0.00","7.73;7.72;7.73;7.72;0.00","1.96;1.96;2.01;2.09;0.00","","5","1","6","3","4","7","3","5","Utilities - Regulated Electric","17.9%","2.3%","3.3%","14.1%","17.1%","7.2%","0.1%","8.6%","-20.2%","-18.6%","-99.1%"
"DUK","Utilities","Duke Energy","7.18;7.17;7.17;7.16;0.00","1.22;1.22;1.22;1.21;0.00","6.71;6.70;6.70;6.70;0.00","1.71;1.71;1.72;1.71;0.00","","6","1","4","4","6","5","2","4","Utilities - Regulated Electric","15.6%","2.0%","3.3%","12.4%","16.3%","7.2%","0.6%","16.2%","-18.0%","-6.3%","-132.6%"
"AEP","Utilities","American Electric Power","6.80;6.81;6.81;6.86;0.00","1.47;1.48;1.49;1.51;0.00","6.32;6.32;6.32;6.36;0.00","1.55;1.55;1.58;1.56;0.00","","5","6","3","3","6","6","1","4","Utilities - Regulated Electric","16.8%","1.2%","0.6%","12.8%","14.7%","19.3%","14.0%","33.3%","-8.0%","12.5%","-97.5%"
"WEC","Utilities","WEC Energy Group","6.00;6.00;6.01;6.01;0.00","0.78;0.88;0.78;0.81;0.00","5.59;5.59;5.59;5.59;0.00","2.11;2.25;2.11;2.23;0.00","","6","9","4","3","8","6","2","4","Utilities - Regulated Electric","12.2%","1.1%","1.0%","7.6%","12.1%","4.6%","-3.5%","17.5%","-29.8%","-25.9%","-117.5%"
"Summary"," "," "," "," "," "," "," ","6","4","4","3","6","6","2","4"," ","15.6%","1.6%","2.0%","11.7%","15.0%","9.6%","2.8%","18.9%","-19.0%","-9.6%","-111.7%"
"Utilities - Regulated Gas (1 Stock)"
"ATO","Utilities","Atmos Energy","8.64;8.68;8.76;8.79;0.00","1.31;1.33;1.33;1.34;0.00","8.12;8.11;8.20;8.23;0.00","3.30;3.26;3.33;3.34;0.00","","7","1","1","5","10","9","1","2","Utilities - Regulated Gas","12.5%","1.1%","1.1%","11.3%","10.2%","7.8%","10.4%","33.0%","2.5%","40.6%","-66.3%"
"Summary"," "," "," "," "," "," "," ","7","1","1","5","10","9","1","2"," ","12.5%","1.1%","1.1%","11.3%","10.2%","7.8%","10.4%","33.0%","2.5%","40.6%","-66.3%"
"Utilities - Independent Power Producers (2 Stocks)"
"CEG","Utilities","Constellation Energy","13.40;13.58;13.52;13.53;0.00","2.68;2.86;2.75;2.74;0.00","11.41;11.51;11.63;11.60;0.00","2.51;2.68;2.75;2.47;0.00","","6","1","2","1","7","5","7","3","Utilities - Independent Power Producers","-8.1%","-2.6%","-1.3%","24.8%","-9.7%","1.3%","35.7%","44.2%","240.3%","- ","- "
"VST","Utilities","Vistra","10.51;10.54;10.62;10.91;0.00","2.25;2.17;2.19;2.25;0.00","8.83;8.79;8.76;8.82;0.00","1.38;1.26;1.27;1.31;0.00","","6","9","4","2","7","4","2","6","Utilities - Independent Power Producers","-0.1%","-3.9%","-6.7%","8.8%","-3.4%","-20.0%","20.6%","129.3%","506.4%","802.0%","- "
"Summary"," "," "," "," "," "," "," ","6","5","3","2","7","5","5","5"," ","-4.1%","-3.2%","-4.0%","16.8%","-6.5%","-9.3%","28.1%","86.7%","373.3%","802.0%","0.0%"
"Utilities - Regulated Water (1 Stock)"
"AWK","Utilities","American Water Works Co","6.54;6.54;6.55;6.56;0.00","1.59;1.59;1.62;1.65;0.00","6.09;6.09;6.10;6.10;0.00","1.14;1.13;1.13;1.17;0.00","","4","3","5","3","7","6","2","6","Utilities - Regulated Water","7.6%","3.5%","3.1%","14.1%","8.5%","-7.6%","-16.8%","-15.4%","-67.9%","-76.1%","-151.9%"
"Summary"," "," "," "," "," "," "," ","4","3","5","3","7","6","2","6"," ","7.6%","3.5%","3.1%","14.1%","8.5%","-7.6%","-16.8%","-15.4%","-67.9%","-76.1%","-151.9%"
"Waste Management (3 Stocks)"
"WM","Industrials","Waste Management","9.50;9.51;9.38;9.37;0.00","2.09;2.10;2.03;2.03;0.00","8.35;8.36;8.22;8.21;0.00","1.79;1.79;1.75;1.75;0.00","","3","1","2","1","6","3","1","8","Waste Management","13.5%","1.3%","4.2%","11.3%","16.8%","8.1%","-8.3%","-13.5%","-2.2%","36.3%","116.8%"
"RSG","Industrials","Republic Services","8.13;8.12;8.12;8.05;0.00","1.88;1.88;1.88;1.84;0.00","7.34;7.31;7.30;7.25;0.00","1.69;1.69;1.68;1.67;0.00","","3","3","2","2","7","3","2","4","Waste Management","10.9%","1.1%","2.9%","7.8%","8.6%","-3.4%","-18.0%","-6.8%","11.8%","73.2%","182.6%"
"WCN","Industrials","Waste Connections","6.38;6.39;6.32;6.22;0.00","1.42;1.42;1.41;1.37;0.00","5.67;5.66;5.62;5.46;0.00","1.25;1.24;1.22;1.19;0.00","","4","4","2","2","7","4","1","4","Waste Management","-1.2%","1.0%","0.9%","3.5%","0.1%","-9.3%","-26.6%","-32.6%","-44.8%","-14.7%","36.0%"
"Summary"," "," "," "," "," "," "," ","3","3","2","2","7","3","1","5"," ","7.7%","1.1%","2.7%","7.5%","8.5%","-1.6%","-17.6%","-17.6%","-11.7%","31.6%","111.8%"
"Summary"," "," "," "," "," "," "," ","4","4","3","3","7","5","3","5"," ","6.9%","0.5%","1.2%","5.3%","6.7%","10.9%","20.5%","25.4%","60.0%","45.4%","346.6%"